W6X25, L = 360.0 in, slope = 0.020833333333333332 in/in, dead load = 6.944444444444444e-05 kip/in^2
zwlim AISC Appendix 2,zwlim DAMP,zwlim Proposed for ASCE 7,zwlim Neglect Ponding,dhnom Denver,dhnom New York,dhnom New Orleans,dh Denver,dh New York,dh New Orleans,dmax
6.61135574262375,4.46363419994814,5.854225820265354,9.784589484741344,1.16375416106967,1.16375416106967,1.16375416106967,3.0371792118217047,3.0371792118217047,3.0371792118217047,8.396347217966506,Safe ,
6.61135574262375,4.46363419994814,5.854225820265354,9.784589484741344,1.16375416106967,1.16375416106967,1.16375416106967,3.0371792118217047,3.0371792118217047,3.0371792118217047,7.655672350327892,Safe ,
6.61135574262375,4.46363419994814,5.854225820265354,9.784589484741344,1.16375416106967,1.16375416106967,1.16375416106967,3.0371792118217047,3.0371792118217047,3.0371792118217047,7.572646723315682,Safe ,
6.61135574262375,4.46363419994814,5.854225820265354,9.784589484741344,1.16375416106967,1.16375416106967,1.16375416106967,3.0371792118217047,3.0371792118217047,3.0371792118217047,8.813115067705693,Safe ,
6.61135574262375,4.46363419994814,5.854225820265354,9.784589484741344,1.16375416106967,1.16375416106967,1.16375416106967,3.0371792118217047,3.0371792118217047,3.0371792118217047,6.994469319775986,Safe ,
6.61135574262375,4.46363419994814,5.854225820265354,9.784589484741344,1.16375416106967,1.16375416106967,1.16375416106967,3.0371792118217047,3.0371792118217047,3.0371792118217047,10.45109551451097,Safe ,
6.61135574262375,4.46363419994814,5.854225820265354,9.784589484741344,1.16375416106967,1.16375416106967,1.16375416106967,3.0371792118217047,3.0371792118217047,3.0371792118217047,8.11023150213823,Safe ,
6.61135574262375,4.46363419994814,5.854225820265354,9.784589484741344,1.16375416106967,1.16375416106967,1.16375416106967,3.0371792118217047,3.0371792118217047,3.0371792118217047,7.387786118797921,Safe ,
6.61135574262375,4.46363419994814,5.854225820265354,9.784589484741344,1.16375416106967,1.16375416106967,1.16375416106967,3.0371792118217047,3.0371792118217047,3.0371792118217047,8.430666113280871,Safe ,
6.61135574262375,4.46363419994814,5.854225820265354,9.784589484741344,1.16375416106967,1.16375416106967,1.16375416106967,3.0371792118217047,3.0371792118217047,3.0371792118217047,7.91414589504339,Safe ,
6.61135574262375,4.46363419994814,5.854225820265354,9.784589484741344,1.16375416106967,1.16375416106967,1.16375416106967,3.0371792118217047,3.0371792118217047,3.0371792118217047,6.8261868218755115,Safe ,
6.61135574262375,4.46363419994814,5.854225820265354,9.784589484741344,1.16375416106967,1.16375416106967,1.16375416106967,3.0371792118217047,3.0371792118217047,3.0371792118217047,6.761360045543847,Safe ,
6.61135574262375,4.46363419994814,5.854225820265354,9.784589484741344,1.16375416106967,1.16375416106967,1.16375416106967,3.0371792118217047,3.0371792118217047,3.0371792118217047,8.724725476248121,Safe ,
6.61135574262375,4.46363419994814,5.854225820265354,9.784589484741344,1.16375416106967,1.16375416106967,1.16375416106967,3.0371792118217047,3.0371792118217047,3.0371792118217047,7.570545388529932,Safe ,
6.61135574262375,4.46363419994814,5.854225820265354,9.784589484741344,1.16375416106967,1.16375416106967,1.16375416106967,3.0371792118217047,3.0371792118217047,3.0371792118217047,8.52581836299096,Safe ,
6.61135574262375,4.46363419994814,5.854225820265354,9.784589484741344,1.16375416106967,1.16375416106967,1.16375416106967,3.0371792118217047,3.0371792118217047,3.0371792118217047,7.883011319549247,Safe ,
6.61135574262375,4.46363419994814,5.854225820265354,9.784589484741344,1.16375416106967,1.16375416106967,1.16375416106967,3.0371792118217047,3.0371792118217047,3.0371792118217047,8.19012323686133,Safe ,
6.61135574262375,4.46363419994814,5.854225820265354,9.784589484741344,1.16375416106967,1.16375416106967,1.16375416106967,3.0371792118217047,3.0371792118217047,3.0371792118217047,8.982932538705295,Safe ,
6.61135574262375,4.46363419994814,5.854225820265354,9.784589484741344,1.16375416106967,1.16375416106967,1.16375416106967,3.0371792118217047,3.0371792118217047,3.0371792118217047,7.381362719082729,Safe ,
6.61135574262375,4.46363419994814,5.854225820265354,9.784589484741344,1.16375416106967,1.16375416106967,1.16375416106967,3.0371792118217047,3.0371792118217047,3.0371792118217047,7.914433368449821,Safe ,
6.61135574262375,4.46363419994814,5.854225820265354,9.784589484741344,1.16375416106967,1.16375416106967,1.16375416106967,3.0371792118217047,3.0371792118217047,3.0371792118217047,7.26967661375917,Safe ,
6.61135574262375,4.46363419994814,5.854225820265354,9.784589484741344,1.16375416106967,1.16375416106967,1.16375416106967,3.0371792118217047,3.0371792118217047,3.0371792118217047,8.562220845001704,Safe ,
6.61135574262375,4.46363419994814,5.854225820265354,9.784589484741344,1.16375416106967,1.16375416106967,1.16375416106967,3.0371792118217047,3.0371792118217047,3.0371792118217047,8.409360718840295,Safe ,
6.61135574262375,4.46363419994814,5.854225820265354,9.784589484741344,1.16375416106967,1.16375416106967,1.16375416106967,3.0371792118217047,3.0371792118217047,3.0371792118217047,8.027249920496587,Safe ,
6.61135574262375,4.46363419994814,5.854225820265354,9.784589484741344,1.16375416106967,1.16375416106967,1.16375416106967,3.0371792118217047,3.0371792118217047,3.0371792118217047,7.871430273853852,Safe ,
6.61135574262375,4.46363419994814,5.854225820265354,9.784589484741344,1.16375416106967,1.16375416106967,1.16375416106967,3.0371792118217047,3.0371792118217047,3.0371792118217047,7.018465568995185,Safe ,
6.61135574262375,4.46363419994814,5.854225820265354,9.784589484741344,1.16375416106967,1.16375416106967,1.16375416106967,3.0371792118217047,3.0371792118217047,3.0371792118217047,8.573374039133833,Safe ,
6.61135574262375,4.46363419994814,5.854225820265354,9.784589484741344,1.16375416106967,1.16375416106967,1.16375416106967,3.0371792118217047,3.0371792118217047,3.0371792118217047,8.003132496864412,Safe ,
6.61135574262375,4.46363419994814,5.854225820265354,9.784589484741344,1.16375416106967,1.16375416106967,1.16375416106967,3.0371792118217047,3.0371792118217047,3.0371792118217047,7.499230049765598,Safe ,
6.61135574262375,4.46363419994814,5.854225820265354,9.784589484741344,1.16375416106967,1.16375416106967,1.16375416106967,3.0371792118217047,3.0371792118217047,3.0371792118217047,8.908218432544132,Safe ,
6.61135574262375,4.46363419994814,5.854225820265354,9.784589484741344,1.16375416106967,1.16375416106967,1.16375416106967,3.0371792118217047,3.0371792118217047,3.0371792118217047,8.480693331384376,Safe ,
6.61135574262375,4.46363419994814,5.854225820265354,9.784589484741344,1.16375416106967,1.16375416106967,1.16375416106967,3.0371792118217047,3.0371792118217047,3.0371792118217047,8.246941097077276,Safe ,
6.61135574262375,4.46363419994814,5.854225820265354,9.784589484741344,1.16375416106967,1.16375416106967,1.16375416106967,3.0371792118217047,3.0371792118217047,3.0371792118217047,7.689748343795722,Safe ,
6.61135574262375,4.46363419994814,5.854225820265354,9.784589484741344,1.16375416106967,1.16375416106967,1.16375416106967,3.0371792118217047,3.0371792118217047,3.0371792118217047,8.953944877049121,Safe ,
6.61135574262375,4.46363419994814,5.854225820265354,9.784589484741344,1.16375416106967,1.16375416106967,1.16375416106967,3.0371792118217047,3.0371792118217047,3.0371792118217047,8.492412630465157,Safe ,
6.61135574262375,4.46363419994814,5.854225820265354,9.784589484741344,1.16375416106967,1.16375416106967,1.16375416106967,3.0371792118217047,3.0371792118217047,3.0371792118217047,7.413431990981011,Safe ,
6.61135574262375,4.46363419994814,5.854225820265354,9.784589484741344,1.16375416106967,1.16375416106967,1.16375416106967,3.0371792118217047,3.0371792118217047,3.0371792118217047,8.172678817755761,Safe ,
6.61135574262375,4.46363419994814,5.854225820265354,9.784589484741344,1.16375416106967,1.16375416106967,1.16375416106967,3.0371792118217047,3.0371792118217047,3.0371792118217047,8.4937332953241,Safe ,
6.61135574262375,4.46363419994814,5.854225820265354,9.784589484741344,1.16375416106967,1.16375416106967,1.16375416106967,3.0371792118217047,3.0371792118217047,3.0371792118217047,8.806704847577448,Safe ,
6.61135574262375,4.46363419994814,5.854225820265354,9.784589484741344,1.16375416106967,1.16375416106967,1.16375416106967,3.0371792118217047,3.0371792118217047,3.0371792118217047,6.949924000464968,Safe ,
6.61135574262375,4.46363419994814,5.854225820265354,9.784589484741344,1.16375416106967,1.16375416106967,1.16375416106967,3.0371792118217047,3.0371792118217047,3.0371792118217047,9.293695614437974,Safe ,
6.61135574262375,4.46363419994814,5.854225820265354,9.784589484741344,1.16375416106967,1.16375416106967,1.16375416106967,3.0371792118217047,3.0371792118217047,3.0371792118217047,7.834912994405717,Safe ,
6.61135574262375,4.46363419994814,5.854225820265354,9.784589484741344,1.16375416106967,1.16375416106967,1.16375416106967,3.0371792118217047,3.0371792118217047,3.0371792118217047,7.876697276466263,Safe ,
6.61135574262375,4.46363419994814,5.854225820265354,9.784589484741344,1.16375416106967,1.16375416106967,1.16375416106967,3.0371792118217047,3.0371792118217047,3.0371792118217047,8.082586275094478,Safe ,
6.61135574262375,4.46363419994814,5.854225820265354,9.784589484741344,1.16375416106967,1.16375416106967,1.16375416106967,3.0371792118217047,3.0371792118217047,3.0371792118217047,8.665765355550501,Safe ,
6.61135574262375,4.46363419994814,5.854225820265354,9.784589484741344,1.16375416106967,1.16375416106967,1.16375416106967,3.0371792118217047,3.0371792118217047,3.0371792118217047,7.153800697025851,Safe ,
6.61135574262375,4.46363419994814,5.854225820265354,9.784589484741344,1.16375416106967,1.16375416106967,1.16375416106967,3.0371792118217047,3.0371792118217047,3.0371792118217047,8.13088192855583,Safe ,
6.61135574262375,4.46363419994814,5.854225820265354,9.784589484741344,1.16375416106967,1.16375416106967,1.16375416106967,3.0371792118217047,3.0371792118217047,3.0371792118217047,7.4145896948286465,Safe ,
6.61135574262375,4.46363419994814,5.854225820265354,9.784589484741344,1.16375416106967,1.16375416106967,1.16375416106967,3.0371792118217047,3.0371792118217047,3.0371792118217047,8.081249269150822,Safe ,
6.61135574262375,4.46363419994814,5.854225820265354,9.784589484741344,1.16375416106967,1.16375416106967,1.16375416106967,3.0371792118217047,3.0371792118217047,3.0371792118217047,7.431437823612075,Safe ,
6.61135574262375,4.46363419994814,5.854225820265354,9.784589484741344,1.16375416106967,1.16375416106967,1.16375416106967,3.0371792118217047,3.0371792118217047,3.0371792118217047,8.522276176469282,Safe ,
6.61135574262375,4.46363419994814,5.854225820265354,9.784589484741344,1.16375416106967,1.16375416106967,1.16375416106967,3.0371792118217047,3.0371792118217047,3.0371792118217047,6.673623586380623,Safe ,
6.61135574262375,4.46363419994814,5.854225820265354,9.784589484741344,1.16375416106967,1.16375416106967,1.16375416106967,3.0371792118217047,3.0371792118217047,3.0371792118217047,8.253337304456977,Safe ,
6.61135574262375,4.46363419994814,5.854225820265354,9.784589484741344,1.16375416106967,1.16375416106967,1.16375416106967,3.0371792118217047,3.0371792118217047,3.0371792118217047,7.62372750748232,Safe ,
6.61135574262375,4.46363419994814,5.854225820265354,9.784589484741344,1.16375416106967,1.16375416106967,1.16375416106967,3.0371792118217047,3.0371792118217047,3.0371792118217047,9.176431637675073,Safe ,
6.61135574262375,4.46363419994814,5.854225820265354,9.784589484741344,1.16375416106967,1.16375416106967,1.16375416106967,3.0371792118217047,3.0371792118217047,3.0371792118217047,7.336564057892227,Safe ,
6.61135574262375,4.46363419994814,5.854225820265354,9.784589484741344,1.16375416106967,1.16375416106967,1.16375416106967,3.0371792118217047,3.0371792118217047,3.0371792118217047,7.830781298119569,Safe ,
6.61135574262375,4.46363419994814,5.854225820265354,9.784589484741344,1.16375416106967,1.16375416106967,1.16375416106967,3.0371792118217047,3.0371792118217047,3.0371792118217047,7.435176395834296,Safe ,
6.61135574262375,4.46363419994814,5.854225820265354,9.784589484741344,1.16375416106967,1.16375416106967,1.16375416106967,3.0371792118217047,3.0371792118217047,3.0371792118217047,7.134044098651093,Safe ,
6.61135574262375,4.46363419994814,5.854225820265354,9.784589484741344,1.16375416106967,1.16375416106967,1.16375416106967,3.0371792118217047,3.0371792118217047,3.0371792118217047,8.274602057268675,Safe ,
6.61135574262375,4.46363419994814,5.854225820265354,9.784589484741344,1.16375416106967,1.16375416106967,1.16375416106967,3.0371792118217047,3.0371792118217047,3.0371792118217047,7.531812532123642,Safe ,
6.61135574262375,4.46363419994814,5.854225820265354,9.784589484741344,1.16375416106967,1.16375416106967,1.16375416106967,3.0371792118217047,3.0371792118217047,3.0371792118217047,9.431984248133393,Safe ,
6.61135574262375,4.46363419994814,5.854225820265354,9.784589484741344,1.16375416106967,1.16375416106967,1.16375416106967,3.0371792118217047,3.0371792118217047,3.0371792118217047,8.197852339509938,Safe ,
6.61135574262375,4.46363419994814,5.854225820265354,9.784589484741344,1.16375416106967,1.16375416106967,1.16375416106967,3.0371792118217047,3.0371792118217047,3.0371792118217047,7.2873101159650595,Safe ,
6.61135574262375,4.46363419994814,5.854225820265354,9.784589484741344,1.16375416106967,1.16375416106967,1.16375416106967,3.0371792118217047,3.0371792118217047,3.0371792118217047,8.423407413275106,Safe ,
6.61135574262375,4.46363419994814,5.854225820265354,9.784589484741344,1.16375416106967,1.16375416106967,1.16375416106967,3.0371792118217047,3.0371792118217047,3.0371792118217047,7.034164859054193,Safe ,
6.61135574262375,4.46363419994814,5.854225820265354,9.784589484741344,1.16375416106967,1.16375416106967,1.16375416106967,3.0371792118217047,3.0371792118217047,3.0371792118217047,8.456513357976522,Safe ,
6.61135574262375,4.46363419994814,5.854225820265354,9.784589484741344,1.16375416106967,1.16375416106967,1.16375416106967,3.0371792118217047,3.0371792118217047,3.0371792118217047,7.933890078084441,Safe ,
6.61135574262375,4.46363419994814,5.854225820265354,9.784589484741344,1.16375416106967,1.16375416106967,1.16375416106967,3.0371792118217047,3.0371792118217047,3.0371792118217047,8.783570134210395,Safe ,
6.61135574262375,4.46363419994814,5.854225820265354,9.784589484741344,1.16375416106967,1.16375416106967,1.16375416106967,3.0371792118217047,3.0371792118217047,3.0371792118217047,9.72675311817561,Safe ,
6.61135574262375,4.46363419994814,5.854225820265354,9.784589484741344,1.16375416106967,1.16375416106967,1.16375416106967,3.0371792118217047,3.0371792118217047,3.0371792118217047,8.350904667698824,Safe ,
6.61135574262375,4.46363419994814,5.854225820265354,9.784589484741344,1.16375416106967,1.16375416106967,1.16375416106967,3.0371792118217047,3.0371792118217047,3.0371792118217047,7.371477209718412,Safe ,
6.61135574262375,4.46363419994814,5.854225820265354,9.784589484741344,1.16375416106967,1.16375416106967,1.16375416106967,3.0371792118217047,3.0371792118217047,3.0371792118217047,8.371436544165435,Safe ,
6.61135574262375,4.46363419994814,5.854225820265354,9.784589484741344,1.16375416106967,1.16375416106967,1.16375416106967,3.0371792118217047,3.0371792118217047,3.0371792118217047,7.807219926974554,Safe ,
6.61135574262375,4.46363419994814,5.854225820265354,9.784589484741344,1.16375416106967,1.16375416106967,1.16375416106967,3.0371792118217047,3.0371792118217047,3.0371792118217047,7.708472858001747,Safe ,
6.61135574262375,4.46363419994814,5.854225820265354,9.784589484741344,1.16375416106967,1.16375416106967,1.16375416106967,3.0371792118217047,3.0371792118217047,3.0371792118217047,9.905942792298715,Safe ,
6.61135574262375,4.46363419994814,5.854225820265354,9.784589484741344,1.16375416106967,1.16375416106967,1.16375416106967,3.0371792118217047,3.0371792118217047,3.0371792118217047,9.04933235093448,Safe ,
6.61135574262375,4.46363419994814,5.854225820265354,9.784589484741344,1.16375416106967,1.16375416106967,1.16375416106967,3.0371792118217047,3.0371792118217047,3.0371792118217047,8.267520239433185,Safe ,
6.61135574262375,4.46363419994814,5.854225820265354,9.784589484741344,1.16375416106967,1.16375416106967,1.16375416106967,3.0371792118217047,3.0371792118217047,3.0371792118217047,7.737362733485697,Safe ,
6.61135574262375,4.46363419994814,5.854225820265354,9.784589484741344,1.16375416106967,1.16375416106967,1.16375416106967,3.0371792118217047,3.0371792118217047,3.0371792118217047,7.9482345508732966,Safe ,
6.61135574262375,4.46363419994814,5.854225820265354,9.784589484741344,1.16375416106967,1.16375416106967,1.16375416106967,3.0371792118217047,3.0371792118217047,3.0371792118217047,8.319621732103357,Safe ,
6.61135574262375,4.46363419994814,5.854225820265354,9.784589484741344,1.16375416106967,1.16375416106967,1.16375416106967,3.0371792118217047,3.0371792118217047,3.0371792118217047,9.23841165235677,Safe ,
6.61135574262375,4.46363419994814,5.854225820265354,9.784589484741344,1.16375416106967,1.16375416106967,1.16375416106967,3.0371792118217047,3.0371792118217047,3.0371792118217047,7.846051539882588,Safe ,
6.61135574262375,4.46363419994814,5.854225820265354,9.784589484741344,1.16375416106967,1.16375416106967,1.16375416106967,3.0371792118217047,3.0371792118217047,3.0371792118217047,8.057146229490158,Safe ,
6.61135574262375,4.46363419994814,5.854225820265354,9.784589484741344,1.16375416106967,1.16375416106967,1.16375416106967,3.0371792118217047,3.0371792118217047,3.0371792118217047,8.712476641371097,Safe ,
6.61135574262375,4.46363419994814,5.854225820265354,9.784589484741344,1.16375416106967,1.16375416106967,1.16375416106967,3.0371792118217047,3.0371792118217047,3.0371792118217047,9.337225107982086,Safe ,
6.61135574262375,4.46363419994814,5.854225820265354,9.784589484741344,1.16375416106967,1.16375416106967,1.16375416106967,3.0371792118217047,3.0371792118217047,3.0371792118217047,7.662877415717852,Safe ,
6.61135574262375,4.46363419994814,5.854225820265354,9.784589484741344,1.16375416106967,1.16375416106967,1.16375416106967,3.0371792118217047,3.0371792118217047,3.0371792118217047,7.991551002145209,Safe ,
6.61135574262375,4.46363419994814,5.854225820265354,9.784589484741344,1.16375416106967,1.16375416106967,1.16375416106967,3.0371792118217047,3.0371792118217047,3.0371792118217047,8.8337457712748,Safe ,
6.61135574262375,4.46363419994814,5.854225820265354,9.784589484741344,1.16375416106967,1.16375416106967,1.16375416106967,3.0371792118217047,3.0371792118217047,3.0371792118217047,7.952459598918364,Safe ,
6.61135574262375,4.46363419994814,5.854225820265354,9.784589484741344,1.16375416106967,1.16375416106967,1.16375416106967,3.0371792118217047,3.0371792118217047,3.0371792118217047,7.76556024471717,Safe ,
6.61135574262375,4.46363419994814,5.854225820265354,9.784589484741344,1.16375416106967,1.16375416106967,1.16375416106967,3.0371792118217047,3.0371792118217047,3.0371792118217047,9.463278170080399,Safe ,
6.61135574262375,4.46363419994814,5.854225820265354,9.784589484741344,1.16375416106967,1.16375416106967,1.16375416106967,3.0371792118217047,3.0371792118217047,3.0371792118217047,9.25242807935927,Safe ,
6.61135574262375,4.46363419994814,5.854225820265354,9.784589484741344,1.16375416106967,1.16375416106967,1.16375416106967,3.0371792118217047,3.0371792118217047,3.0371792118217047,7.856339973840953,Safe ,
6.61135574262375,4.46363419994814,5.854225820265354,9.784589484741344,1.16375416106967,1.16375416106967,1.16375416106967,3.0371792118217047,3.0371792118217047,3.0371792118217047,7.720854081068881,Safe ,
6.61135574262375,4.46363419994814,5.854225820265354,9.784589484741344,1.16375416106967,1.16375416106967,1.16375416106967,3.0371792118217047,3.0371792118217047,3.0371792118217047,8.643440349800127,Safe ,
6.61135574262375,4.46363419994814,5.854225820265354,9.784589484741344,1.16375416106967,1.16375416106967,1.16375416106967,3.0371792118217047,3.0371792118217047,3.0371792118217047,8.151224516309773,Safe ,
6.61135574262375,4.46363419994814,5.854225820265354,9.784589484741344,1.16375416106967,1.16375416106967,1.16375416106967,3.0371792118217047,3.0371792118217047,3.0371792118217047,7.593460191825436,Safe ,
6.61135574262375,4.46363419994814,5.854225820265354,9.784589484741344,1.16375416106967,1.16375416106967,1.16375416106967,3.0371792118217047,3.0371792118217047,3.0371792118217047,7.738415301949131,Safe ,
6.61135574262375,4.46363419994814,5.854225820265354,9.784589484741344,1.16375416106967,1.16375416106967,1.16375416106967,3.0371792118217047,3.0371792118217047,3.0371792118217047,8.697945293853808,Safe ,
6.61135574262375,4.46363419994814,5.854225820265354,9.784589484741344,1.16375416106967,1.16375416106967,1.16375416106967,3.0371792118217047,3.0371792118217047,3.0371792118217047,8.02896508612537,Safe ,
6.61135574262375,4.46363419994814,5.854225820265354,9.784589484741344,1.16375416106967,1.16375416106967,1.16375416106967,3.0371792118217047,3.0371792118217047,3.0371792118217047,7.639783861847218,Safe ,
6.61135574262375,4.46363419994814,5.854225820265354,9.784589484741344,1.16375416106967,1.16375416106967,1.16375416106967,3.0371792118217047,3.0371792118217047,3.0371792118217047,7.75317878921687,Safe ,
6.61135574262375,4.46363419994814,5.854225820265354,9.784589484741344,1.16375416106967,1.16375416106967,1.16375416106967,3.0371792118217047,3.0371792118217047,3.0371792118217047,7.664068911762023,Safe ,
6.61135574262375,4.46363419994814,5.854225820265354,9.784589484741344,1.16375416106967,1.16375416106967,1.16375416106967,3.0371792118217047,3.0371792118217047,3.0371792118217047,6.655320951637567,Safe ,
6.61135574262375,4.46363419994814,5.854225820265354,9.784589484741344,1.16375416106967,1.16375416106967,1.16375416106967,3.0371792118217047,3.0371792118217047,3.0371792118217047,7.001207533018496,Safe ,
6.61135574262375,4.46363419994814,5.854225820265354,9.784589484741344,1.16375416106967,1.16375416106967,1.16375416106967,3.0371792118217047,3.0371792118217047,3.0371792118217047,7.981735487302224,Safe ,
6.61135574262375,4.46363419994814,5.854225820265354,9.784589484741344,1.16375416106967,1.16375416106967,1.16375416106967,3.0371792118217047,3.0371792118217047,3.0371792118217047,8.513403176087632,Safe ,
6.61135574262375,4.46363419994814,5.854225820265354,9.784589484741344,1.16375416106967,1.16375416106967,1.16375416106967,3.0371792118217047,3.0371792118217047,3.0371792118217047,8.49225200799315,Safe ,
6.61135574262375,4.46363419994814,5.854225820265354,9.784589484741344,1.16375416106967,1.16375416106967,1.16375416106967,3.0371792118217047,3.0371792118217047,3.0371792118217047,8.20628996316417,Safe ,
6.61135574262375,4.46363419994814,5.854225820265354,9.784589484741344,1.16375416106967,1.16375416106967,1.16375416106967,3.0371792118217047,3.0371792118217047,3.0371792118217047,6.126908860478224,Fail ,
6.61135574262375,4.46363419994814,5.854225820265354,9.784589484741344,1.16375416106967,1.16375416106967,1.16375416106967,3.0371792118217047,3.0371792118217047,3.0371792118217047,8.087619571790043,Safe ,
6.61135574262375,4.46363419994814,5.854225820265354,9.784589484741344,1.16375416106967,1.16375416106967,1.16375416106967,3.0371792118217047,3.0371792118217047,3.0371792118217047,8.087698150409878,Safe ,
6.61135574262375,4.46363419994814,5.854225820265354,9.784589484741344,1.16375416106967,1.16375416106967,1.16375416106967,3.0371792118217047,3.0371792118217047,3.0371792118217047,8.946875298119231,Safe ,
6.61135574262375,4.46363419994814,5.854225820265354,9.784589484741344,1.16375416106967,1.16375416106967,1.16375416106967,3.0371792118217047,3.0371792118217047,3.0371792118217047,7.390298416392294,Safe ,
6.61135574262375,4.46363419994814,5.854225820265354,9.784589484741344,1.16375416106967,1.16375416106967,1.16375416106967,3.0371792118217047,3.0371792118217047,3.0371792118217047,7.280057517620013,Safe ,
6.61135574262375,4.46363419994814,5.854225820265354,9.784589484741344,1.16375416106967,1.16375416106967,1.16375416106967,3.0371792118217047,3.0371792118217047,3.0371792118217047,7.588981996170246,Safe ,
6.61135574262375,4.46363419994814,5.854225820265354,9.784589484741344,1.16375416106967,1.16375416106967,1.16375416106967,3.0371792118217047,3.0371792118217047,3.0371792118217047,7.652823619037344,Safe ,
6.61135574262375,4.46363419994814,5.854225820265354,9.784589484741344,1.16375416106967,1.16375416106967,1.16375416106967,3.0371792118217047,3.0371792118217047,3.0371792118217047,8.592558577621219,Safe ,
6.61135574262375,4.46363419994814,5.854225820265354,9.784589484741344,1.16375416106967,1.16375416106967,1.16375416106967,3.0371792118217047,3.0371792118217047,3.0371792118217047,8.547146204159553,Safe ,
6.61135574262375,4.46363419994814,5.854225820265354,9.784589484741344,1.16375416106967,1.16375416106967,1.16375416106967,3.0371792118217047,3.0371792118217047,3.0371792118217047,7.904085181975634,Safe ,
6.61135574262375,4.46363419994814,5.854225820265354,9.784589484741344,1.16375416106967,1.16375416106967,1.16375416106967,3.0371792118217047,3.0371792118217047,3.0371792118217047,8.293148630688929,Safe ,
6.61135574262375,4.46363419994814,5.854225820265354,9.784589484741344,1.16375416106967,1.16375416106967,1.16375416106967,3.0371792118217047,3.0371792118217047,3.0371792118217047,7.953282713624548,Safe ,
6.61135574262375,4.46363419994814,5.854225820265354,9.784589484741344,1.16375416106967,1.16375416106967,1.16375416106967,3.0371792118217047,3.0371792118217047,3.0371792118217047,8.076478296844332,Safe ,
6.61135574262375,4.46363419994814,5.854225820265354,9.784589484741344,1.16375416106967,1.16375416106967,1.16375416106967,3.0371792118217047,3.0371792118217047,3.0371792118217047,8.71432788358505,Safe ,
6.61135574262375,4.46363419994814,5.854225820265354,9.784589484741344,1.16375416106967,1.16375416106967,1.16375416106967,3.0371792118217047,3.0371792118217047,3.0371792118217047,7.482277344182467,Safe ,
6.61135574262375,4.46363419994814,5.854225820265354,9.784589484741344,1.16375416106967,1.16375416106967,1.16375416106967,3.0371792118217047,3.0371792118217047,3.0371792118217047,8.79409667944445,Safe ,
6.61135574262375,4.46363419994814,5.854225820265354,9.784589484741344,1.16375416106967,1.16375416106967,1.16375416106967,3.0371792118217047,3.0371792118217047,3.0371792118217047,7.372153739328634,Safe ,
6.61135574262375,4.46363419994814,5.854225820265354,9.784589484741344,1.16375416106967,1.16375416106967,1.16375416106967,3.0371792118217047,3.0371792118217047,3.0371792118217047,7.980461707793537,Safe ,
6.61135574262375,4.46363419994814,5.854225820265354,9.784589484741344,1.16375416106967,1.16375416106967,1.16375416106967,3.0371792118217047,3.0371792118217047,3.0371792118217047,8.467271945156275,Safe ,
6.61135574262375,4.46363419994814,5.854225820265354,9.784589484741344,1.16375416106967,1.16375416106967,1.16375416106967,3.0371792118217047,3.0371792118217047,3.0371792118217047,6.60876885218223,Safe ,
6.61135574262375,4.46363419994814,5.854225820265354,9.784589484741344,1.16375416106967,1.16375416106967,1.16375416106967,3.0371792118217047,3.0371792118217047,3.0371792118217047,8.149856693548768,Safe ,
6.61135574262375,4.46363419994814,5.854225820265354,9.784589484741344,1.16375416106967,1.16375416106967,1.16375416106967,3.0371792118217047,3.0371792118217047,3.0371792118217047,9.028207292779767,Safe ,
6.61135574262375,4.46363419994814,5.854225820265354,9.784589484741344,1.16375416106967,1.16375416106967,1.16375416106967,3.0371792118217047,3.0371792118217047,3.0371792118217047,8.967696916618266,Safe ,
6.61135574262375,4.46363419994814,5.854225820265354,9.784589484741344,1.16375416106967,1.16375416106967,1.16375416106967,3.0371792118217047,3.0371792118217047,3.0371792118217047,8.170453223735208,Safe ,
6.61135574262375,4.46363419994814,5.854225820265354,9.784589484741344,1.16375416106967,1.16375416106967,1.16375416106967,3.0371792118217047,3.0371792118217047,3.0371792118217047,9.08720582642505,Safe ,
6.61135574262375,4.46363419994814,5.854225820265354,9.784589484741344,1.16375416106967,1.16375416106967,1.16375416106967,3.0371792118217047,3.0371792118217047,3.0371792118217047,7.833229524002137,Safe ,
6.61135574262375,4.46363419994814,5.854225820265354,9.784589484741344,1.16375416106967,1.16375416106967,1.16375416106967,3.0371792118217047,3.0371792118217047,3.0371792118217047,7.170801169096935,Safe ,
6.61135574262375,4.46363419994814,5.854225820265354,9.784589484741344,1.16375416106967,1.16375416106967,1.16375416106967,3.0371792118217047,3.0371792118217047,3.0371792118217047,6.975199564130866,Safe ,
6.61135574262375,4.46363419994814,5.854225820265354,9.784589484741344,1.16375416106967,1.16375416106967,1.16375416106967,3.0371792118217047,3.0371792118217047,3.0371792118217047,7.226980751351168,Safe ,
6.61135574262375,4.46363419994814,5.854225820265354,9.784589484741344,1.16375416106967,1.16375416106967,1.16375416106967,3.0371792118217047,3.0371792118217047,3.0371792118217047,8.301274036099004,Safe ,
6.61135574262375,4.46363419994814,5.854225820265354,9.784589484741344,1.16375416106967,1.16375416106967,1.16375416106967,3.0371792118217047,3.0371792118217047,3.0371792118217047,8.278848701147343,Safe ,
6.61135574262375,4.46363419994814,5.854225820265354,9.784589484741344,1.16375416106967,1.16375416106967,1.16375416106967,3.0371792118217047,3.0371792118217047,3.0371792118217047,8.208442668805798,Safe ,
6.61135574262375,4.46363419994814,5.854225820265354,9.784589484741344,1.16375416106967,1.16375416106967,1.16375416106967,3.0371792118217047,3.0371792118217047,3.0371792118217047,8.204433892761498,Safe ,
6.61135574262375,4.46363419994814,5.854225820265354,9.784589484741344,1.16375416106967,1.16375416106967,1.16375416106967,3.0371792118217047,3.0371792118217047,3.0371792118217047,8.425252219657077,Safe ,
6.61135574262375,4.46363419994814,5.854225820265354,9.784589484741344,1.16375416106967,1.16375416106967,1.16375416106967,3.0371792118217047,3.0371792118217047,3.0371792118217047,7.7823713056633625,Safe ,
6.61135574262375,4.46363419994814,5.854225820265354,9.784589484741344,1.16375416106967,1.16375416106967,1.16375416106967,3.0371792118217047,3.0371792118217047,3.0371792118217047,7.0677080761339415,Safe ,
6.61135574262375,4.46363419994814,5.854225820265354,9.784589484741344,1.16375416106967,1.16375416106967,1.16375416106967,3.0371792118217047,3.0371792118217047,3.0371792118217047,7.922184568849063,Safe ,
6.61135574262375,4.46363419994814,5.854225820265354,9.784589484741344,1.16375416106967,1.16375416106967,1.16375416106967,3.0371792118217047,3.0371792118217047,3.0371792118217047,8.561377044727923,Safe ,
6.61135574262375,4.46363419994814,5.854225820265354,9.784589484741344,1.16375416106967,1.16375416106967,1.16375416106967,3.0371792118217047,3.0371792118217047,3.0371792118217047,8.084092977110965,Safe ,
6.61135574262375,4.46363419994814,5.854225820265354,9.784589484741344,1.16375416106967,1.16375416106967,1.16375416106967,3.0371792118217047,3.0371792118217047,3.0371792118217047,9.017737662035861,Safe ,
6.61135574262375,4.46363419994814,5.854225820265354,9.784589484741344,1.16375416106967,1.16375416106967,1.16375416106967,3.0371792118217047,3.0371792118217047,3.0371792118217047,8.514100748373757,Safe ,
6.61135574262375,4.46363419994814,5.854225820265354,9.784589484741344,1.16375416106967,1.16375416106967,1.16375416106967,3.0371792118217047,3.0371792118217047,3.0371792118217047,6.88512746304213,Safe ,
6.61135574262375,4.46363419994814,5.854225820265354,9.784589484741344,1.16375416106967,1.16375416106967,1.16375416106967,3.0371792118217047,3.0371792118217047,3.0371792118217047,7.81965024273025,Safe ,
6.61135574262375,4.46363419994814,5.854225820265354,9.784589484741344,1.16375416106967,1.16375416106967,1.16375416106967,3.0371792118217047,3.0371792118217047,3.0371792118217047,7.471012735549423,Safe ,
6.61135574262375,4.46363419994814,5.854225820265354,9.784589484741344,1.16375416106967,1.16375416106967,1.16375416106967,3.0371792118217047,3.0371792118217047,3.0371792118217047,8.50810607135641,Safe ,
6.61135574262375,4.46363419994814,5.854225820265354,9.784589484741344,1.16375416106967,1.16375416106967,1.16375416106967,3.0371792118217047,3.0371792118217047,3.0371792118217047,7.663387727296841,Safe ,
6.61135574262375,4.46363419994814,5.854225820265354,9.784589484741344,1.16375416106967,1.16375416106967,1.16375416106967,3.0371792118217047,3.0371792118217047,3.0371792118217047,8.724193949422824,Safe ,
6.61135574262375,4.46363419994814,5.854225820265354,9.784589484741344,1.16375416106967,1.16375416106967,1.16375416106967,3.0371792118217047,3.0371792118217047,3.0371792118217047,7.985828992951605,Safe ,
6.61135574262375,4.46363419994814,5.854225820265354,9.784589484741344,1.16375416106967,1.16375416106967,1.16375416106967,3.0371792118217047,3.0371792118217047,3.0371792118217047,8.398444174521378,Safe ,
6.61135574262375,4.46363419994814,5.854225820265354,9.784589484741344,1.16375416106967,1.16375416106967,1.16375416106967,3.0371792118217047,3.0371792118217047,3.0371792118217047,8.610309955854639,Safe ,
6.61135574262375,4.46363419994814,5.854225820265354,9.784589484741344,1.16375416106967,1.16375416106967,1.16375416106967,3.0371792118217047,3.0371792118217047,3.0371792118217047,8.197560170416036,Safe ,
6.61135574262375,4.46363419994814,5.854225820265354,9.784589484741344,1.16375416106967,1.16375416106967,1.16375416106967,3.0371792118217047,3.0371792118217047,3.0371792118217047,7.578366145077673,Safe ,
6.61135574262375,4.46363419994814,5.854225820265354,9.784589484741344,1.16375416106967,1.16375416106967,1.16375416106967,3.0371792118217047,3.0371792118217047,3.0371792118217047,8.161570457659273,Safe ,
6.61135574262375,4.46363419994814,5.854225820265354,9.784589484741344,1.16375416106967,1.16375416106967,1.16375416106967,3.0371792118217047,3.0371792118217047,3.0371792118217047,7.968765594662563,Safe ,
6.61135574262375,4.46363419994814,5.854225820265354,9.784589484741344,1.16375416106967,1.16375416106967,1.16375416106967,3.0371792118217047,3.0371792118217047,3.0371792118217047,7.267756871985549,Safe ,
6.61135574262375,4.46363419994814,5.854225820265354,9.784589484741344,1.16375416106967,1.16375416106967,1.16375416106967,3.0371792118217047,3.0371792118217047,3.0371792118217047,8.23854587175524,Safe ,
6.61135574262375,4.46363419994814,5.854225820265354,9.784589484741344,1.16375416106967,1.16375416106967,1.16375416106967,3.0371792118217047,3.0371792118217047,3.0371792118217047,8.363946463604183,Safe ,
6.61135574262375,4.46363419994814,5.854225820265354,9.784589484741344,1.16375416106967,1.16375416106967,1.16375416106967,3.0371792118217047,3.0371792118217047,3.0371792118217047,7.512947963623467,Safe ,
6.61135574262375,4.46363419994814,5.854225820265354,9.784589484741344,1.16375416106967,1.16375416106967,1.16375416106967,3.0371792118217047,3.0371792118217047,3.0371792118217047,7.300689715400408,Safe ,
6.61135574262375,4.46363419994814,5.854225820265354,9.784589484741344,1.16375416106967,1.16375416106967,1.16375416106967,3.0371792118217047,3.0371792118217047,3.0371792118217047,7.323878898483027,Safe ,
6.61135574262375,4.46363419994814,5.854225820265354,9.784589484741344,1.16375416106967,1.16375416106967,1.16375416106967,3.0371792118217047,3.0371792118217047,3.0371792118217047,8.026642082328111,Safe ,
6.61135574262375,4.46363419994814,5.854225820265354,9.784589484741344,1.16375416106967,1.16375416106967,1.16375416106967,3.0371792118217047,3.0371792118217047,3.0371792118217047,8.613311165065745,Safe ,
6.61135574262375,4.46363419994814,5.854225820265354,9.784589484741344,1.16375416106967,1.16375416106967,1.16375416106967,3.0371792118217047,3.0371792118217047,3.0371792118217047,8.605031770087225,Safe ,
6.61135574262375,4.46363419994814,5.854225820265354,9.784589484741344,1.16375416106967,1.16375416106967,1.16375416106967,3.0371792118217047,3.0371792118217047,3.0371792118217047,8.993809755354267,Safe ,
6.61135574262375,4.46363419994814,5.854225820265354,9.784589484741344,1.16375416106967,1.16375416106967,1.16375416106967,3.0371792118217047,3.0371792118217047,3.0371792118217047,7.700890224189331,Safe ,
6.61135574262375,4.46363419994814,5.854225820265354,9.784589484741344,1.16375416106967,1.16375416106967,1.16375416106967,3.0371792118217047,3.0371792118217047,3.0371792118217047,8.708230337003677,Safe ,
6.61135574262375,4.46363419994814,5.854225820265354,9.784589484741344,1.16375416106967,1.16375416106967,1.16375416106967,3.0371792118217047,3.0371792118217047,3.0371792118217047,8.706370970970546,Safe ,
6.61135574262375,4.46363419994814,5.854225820265354,9.784589484741344,1.16375416106967,1.16375416106967,1.16375416106967,3.0371792118217047,3.0371792118217047,3.0371792118217047,7.559184153484108,Safe ,
6.61135574262375,4.46363419994814,5.854225820265354,9.784589484741344,1.16375416106967,1.16375416106967,1.16375416106967,3.0371792118217047,3.0371792118217047,3.0371792118217047,7.662637249668185,Safe ,
6.61135574262375,4.46363419994814,5.854225820265354,9.784589484741344,1.16375416106967,1.16375416106967,1.16375416106967,3.0371792118217047,3.0371792118217047,3.0371792118217047,9.09547356523336,Safe ,
6.61135574262375,4.46363419994814,5.854225820265354,9.784589484741344,1.16375416106967,1.16375416106967,1.16375416106967,3.0371792118217047,3.0371792118217047,3.0371792118217047,7.001698972781796,Safe ,
6.61135574262375,4.46363419994814,5.854225820265354,9.784589484741344,1.16375416106967,1.16375416106967,1.16375416106967,3.0371792118217047,3.0371792118217047,3.0371792118217047,7.448786126333617,Safe ,
6.61135574262375,4.46363419994814,5.854225820265354,9.784589484741344,1.16375416106967,1.16375416106967,1.16375416106967,3.0371792118217047,3.0371792118217047,3.0371792118217047,7.898970560384649,Safe ,
6.61135574262375,4.46363419994814,5.854225820265354,9.784589484741344,1.16375416106967,1.16375416106967,1.16375416106967,3.0371792118217047,3.0371792118217047,3.0371792118217047,7.689974116082604,Safe ,
6.61135574262375,4.46363419994814,5.854225820265354,9.784589484741344,1.16375416106967,1.16375416106967,1.16375416106967,3.0371792118217047,3.0371792118217047,3.0371792118217047,9.417727578542337,Safe ,
6.61135574262375,4.46363419994814,5.854225820265354,9.784589484741344,1.16375416106967,1.16375416106967,1.16375416106967,3.0371792118217047,3.0371792118217047,3.0371792118217047,7.177687393819111,Safe ,
6.61135574262375,4.46363419994814,5.854225820265354,9.784589484741344,1.16375416106967,1.16375416106967,1.16375416106967,3.0371792118217047,3.0371792118217047,3.0371792118217047,7.849954746993457,Safe ,
6.61135574262375,4.46363419994814,5.854225820265354,9.784589484741344,1.16375416106967,1.16375416106967,1.16375416106967,3.0371792118217047,3.0371792118217047,3.0371792118217047,7.380149169959177,Safe ,
6.61135574262375,4.46363419994814,5.854225820265354,9.784589484741344,1.16375416106967,1.16375416106967,1.16375416106967,3.0371792118217047,3.0371792118217047,3.0371792118217047,8.655554194948225,Safe ,
6.61135574262375,4.46363419994814,5.854225820265354,9.784589484741344,1.16375416106967,1.16375416106967,1.16375416106967,3.0371792118217047,3.0371792118217047,3.0371792118217047,8.350570806746378,Safe ,
6.61135574262375,4.46363419994814,5.854225820265354,9.784589484741344,1.16375416106967,1.16375416106967,1.16375416106967,3.0371792118217047,3.0371792118217047,3.0371792118217047,7.237099732402648,Safe ,
6.61135574262375,4.46363419994814,5.854225820265354,9.784589484741344,1.16375416106967,1.16375416106967,1.16375416106967,3.0371792118217047,3.0371792118217047,3.0371792118217047,8.421149862806491,Safe ,
6.61135574262375,4.46363419994814,5.854225820265354,9.784589484741344,1.16375416106967,1.16375416106967,1.16375416106967,3.0371792118217047,3.0371792118217047,3.0371792118217047,8.222695807313123,Safe ,
6.61135574262375,4.46363419994814,5.854225820265354,9.784589484741344,1.16375416106967,1.16375416106967,1.16375416106967,3.0371792118217047,3.0371792118217047,3.0371792118217047,9.522702327936365,Safe ,
6.61135574262375,4.46363419994814,5.854225820265354,9.784589484741344,1.16375416106967,1.16375416106967,1.16375416106967,3.0371792118217047,3.0371792118217047,3.0371792118217047,8.813021392733988,Safe ,
6.61135574262375,4.46363419994814,5.854225820265354,9.784589484741344,1.16375416106967,1.16375416106967,1.16375416106967,3.0371792118217047,3.0371792118217047,3.0371792118217047,8.071241668051844,Safe ,
6.61135574262375,4.46363419994814,5.854225820265354,9.784589484741344,1.16375416106967,1.16375416106967,1.16375416106967,3.0371792118217047,3.0371792118217047,3.0371792118217047,7.705240993808578,Safe ,
6.61135574262375,4.46363419994814,5.854225820265354,9.784589484741344,1.16375416106967,1.16375416106967,1.16375416106967,3.0371792118217047,3.0371792118217047,3.0371792118217047,8.202348075246903,Safe ,
6.61135574262375,4.46363419994814,5.854225820265354,9.784589484741344,1.16375416106967,1.16375416106967,1.16375416106967,3.0371792118217047,3.0371792118217047,3.0371792118217047,8.787961516742678,Safe ,
6.61135574262375,4.46363419994814,5.854225820265354,9.784589484741344,1.16375416106967,1.16375416106967,1.16375416106967,3.0371792118217047,3.0371792118217047,3.0371792118217047,8.361205639864432,Safe ,
