W8X18, L = 360.0 in, slope = 0.020833333333333332 in/in, dead load = 6.944444444444444e-05 kip/in^2
zwlim AISC Appendix 2,zwlim DAMP,zwlim Proposed for ASCE 7,zwlim Neglect Ponding,dhnom Denver,dhnom New York,dhnom New Orleans,dh Denver,dh New York,dh New Orleans,dmax
6.662777837809608,5.006690895122011,5.883497012294174,8.960394408753247,2.2830917618828073,2.2830917618828073,2.2830917618828073,5.802629900226192,5.802629900226192,5.802629900226192,8.446786741806918,Fail ,
6.662777837809608,5.006690895122011,5.883497012294174,8.960394408753247,2.2830917618828073,2.2830917618828073,2.2830917618828073,5.802629900226192,5.802629900226192,5.802629900226192,7.692414170143034,Fail ,
6.662777837809608,5.006690895122011,5.883497012294174,8.960394408753247,2.2830917618828073,2.2830917618828073,2.2830917618828073,5.802629900226192,5.802629900226192,5.802629900226192,7.634603823400447,Fail ,
6.662777837809608,5.006690895122011,5.883497012294174,8.960394408753247,2.2830917618828073,2.2830917618828073,2.2830917618828073,5.802629900226192,5.802629900226192,5.802629900226192,8.81326944934747,Safe ,
6.662777837809608,5.006690895122011,5.883497012294174,8.960394408753247,2.2830917618828073,2.2830917618828073,2.2830917618828073,5.802629900226192,5.802629900226192,5.802629900226192,7.080868398266269,Fail ,
6.662777837809608,5.006690895122011,5.883497012294174,8.960394408753247,2.2830917618828073,2.2830917618828073,2.2830917618828073,5.802629900226192,5.802629900226192,5.802629900226192,10.465405887602941,Safe ,
6.662777837809608,5.006690895122011,5.883497012294174,8.960394408753247,2.2830917618828073,2.2830917618828073,2.2830917618828073,5.802629900226192,5.802629900226192,5.802629900226192,8.092395879850656,Fail ,
6.662777837809608,5.006690895122011,5.883497012294174,8.960394408753247,2.2830917618828073,2.2830917618828073,2.2830917618828073,5.802629900226192,5.802629900226192,5.802629900226192,7.4167586165329915,Fail ,
6.662777837809608,5.006690895122011,5.883497012294174,8.960394408753247,2.2830917618828073,2.2830917618828073,2.2830917618828073,5.802629900226192,5.802629900226192,5.802629900226192,8.45998550183275,Fail ,
6.662777837809608,5.006690895122011,5.883497012294174,8.960394408753247,2.2830917618828073,2.2830917618828073,2.2830917618828073,5.802629900226192,5.802629900226192,5.802629900226192,7.954126595661734,Fail ,
6.662777837809608,5.006690895122011,5.883497012294174,8.960394408753247,2.2830917618828073,2.2830917618828073,2.2830917618828073,5.802629900226192,5.802629900226192,5.802629900226192,6.90255294329332,Fail ,
6.662777837809608,5.006690895122011,5.883497012294174,8.960394408753247,2.2830917618828073,2.2830917618828073,2.2830917618828073,5.802629900226192,5.802629900226192,5.802629900226192,6.829167499722004,Fail ,
6.662777837809608,5.006690895122011,5.883497012294174,8.960394408753247,2.2830917618828073,2.2830917618828073,2.2830917618828073,5.802629900226192,5.802629900226192,5.802629900226192,8.756356299101448,Safe ,
6.662777837809608,5.006690895122011,5.883497012294174,8.960394408753247,2.2830917618828073,2.2830917618828073,2.2830917618828073,5.802629900226192,5.802629900226192,5.802629900226192,7.590608583940268,Fail ,
6.662777837809608,5.006690895122011,5.883497012294174,8.960394408753247,2.2830917618828073,2.2830917618828073,2.2830917618828073,5.802629900226192,5.802629900226192,5.802629900226192,8.567114861806331,Safe ,
6.662777837809608,5.006690895122011,5.883497012294174,8.960394408753247,2.2830917618828073,2.2830917618828073,2.2830917618828073,5.802629900226192,5.802629900226192,5.802629900226192,7.948465840445088,Fail ,
6.662777837809608,5.006690895122011,5.883497012294174,8.960394408753247,2.2830917618828073,2.2830917618828073,2.2830917618828073,5.802629900226192,5.802629900226192,5.802629900226192,8.20022279632168,Fail ,
6.662777837809608,5.006690895122011,5.883497012294174,8.960394408753247,2.2830917618828073,2.2830917618828073,2.2830917618828073,5.802629900226192,5.802629900226192,5.802629900226192,9.007100079969272,Safe ,
6.662777837809608,5.006690895122011,5.883497012294174,8.960394408753247,2.2830917618828073,2.2830917618828073,2.2830917618828073,5.802629900226192,5.802629900226192,5.802629900226192,7.4708419682165275,Fail ,
6.662777837809608,5.006690895122011,5.883497012294174,8.960394408753247,2.2830917618828073,2.2830917618828073,2.2830917618828073,5.802629900226192,5.802629900226192,5.802629900226192,7.943560608767247,Fail ,
6.662777837809608,5.006690895122011,5.883497012294174,8.960394408753247,2.2830917618828073,2.2830917618828073,2.2830917618828073,5.802629900226192,5.802629900226192,5.802629900226192,7.318619534915798,Fail ,
6.662777837809608,5.006690895122011,5.883497012294174,8.960394408753247,2.2830917618828073,2.2830917618828073,2.2830917618828073,5.802629900226192,5.802629900226192,5.802629900226192,8.59713137531077,Safe ,
6.662777837809608,5.006690895122011,5.883497012294174,8.960394408753247,2.2830917618828073,2.2830917618828073,2.2830917618828073,5.802629900226192,5.802629900226192,5.802629900226192,8.46340849527696,Fail ,
6.662777837809608,5.006690895122011,5.883497012294174,8.960394408753247,2.2830917618828073,2.2830917618828073,2.2830917618828073,5.802629900226192,5.802629900226192,5.802629900226192,8.051138589077281,Fail ,
6.662777837809608,5.006690895122011,5.883497012294174,8.960394408753247,2.2830917618828073,2.2830917618828073,2.2830917618828073,5.802629900226192,5.802629900226192,5.802629900226192,7.915251575138605,Fail ,
6.662777837809608,5.006690895122011,5.883497012294174,8.960394408753247,2.2830917618828073,2.2830917618828073,2.2830917618828073,5.802629900226192,5.802629900226192,5.802629900226192,7.024931093667429,Fail ,
6.662777837809608,5.006690895122011,5.883497012294174,8.960394408753247,2.2830917618828073,2.2830917618828073,2.2830917618828073,5.802629900226192,5.802629900226192,5.802629900226192,8.560472340976276,Safe ,
6.662777837809608,5.006690895122011,5.883497012294174,8.960394408753247,2.2830917618828073,2.2830917618828073,2.2830917618828073,5.802629900226192,5.802629900226192,5.802629900226192,8.01362478121025,Fail ,
6.662777837809608,5.006690895122011,5.883497012294174,8.960394408753247,2.2830917618828073,2.2830917618828073,2.2830917618828073,5.802629900226192,5.802629900226192,5.802629900226192,7.531476552649288,Fail ,
6.662777837809608,5.006690895122011,5.883497012294174,8.960394408753247,2.2830917618828073,2.2830917618828073,2.2830917618828073,5.802629900226192,5.802629900226192,5.802629900226192,8.956104208902723,Safe ,
6.662777837809608,5.006690895122011,5.883497012294174,8.960394408753247,2.2830917618828073,2.2830917618828073,2.2830917618828073,5.802629900226192,5.802629900226192,5.802629900226192,8.503500729787515,Fail ,
6.662777837809608,5.006690895122011,5.883497012294174,8.960394408753247,2.2830917618828073,2.2830917618828073,2.2830917618828073,5.802629900226192,5.802629900226192,5.802629900226192,8.310076685068397,Fail ,
6.662777837809608,5.006690895122011,5.883497012294174,8.960394408753247,2.2830917618828073,2.2830917618828073,2.2830917618828073,5.802629900226192,5.802629900226192,5.802629900226192,7.704023017464512,Fail ,
6.662777837809608,5.006690895122011,5.883497012294174,8.960394408753247,2.2830917618828073,2.2830917618828073,2.2830917618828073,5.802629900226192,5.802629900226192,5.802629900226192,8.973441055630776,Safe ,
6.662777837809608,5.006690895122011,5.883497012294174,8.960394408753247,2.2830917618828073,2.2830917618828073,2.2830917618828073,5.802629900226192,5.802629900226192,5.802629900226192,8.521373863362633,Fail ,
6.662777837809608,5.006690895122011,5.883497012294174,8.960394408753247,2.2830917618828073,2.2830917618828073,2.2830917618828073,5.802629900226192,5.802629900226192,5.802629900226192,7.476733182278193,Fail ,
6.662777837809608,5.006690895122011,5.883497012294174,8.960394408753247,2.2830917618828073,2.2830917618828073,2.2830917618828073,5.802629900226192,5.802629900226192,5.802629900226192,8.17622058631686,Fail ,
6.662777837809608,5.006690895122011,5.883497012294174,8.960394408753247,2.2830917618828073,2.2830917618828073,2.2830917618828073,5.802629900226192,5.802629900226192,5.802629900226192,8.507063101396367,Fail ,
6.662777837809608,5.006690895122011,5.883497012294174,8.960394408753247,2.2830917618828073,2.2830917618828073,2.2830917618828073,5.802629900226192,5.802629900226192,5.802629900226192,8.855200669241036,Safe ,
6.662777837809608,5.006690895122011,5.883497012294174,8.960394408753247,2.2830917618828073,2.2830917618828073,2.2830917618828073,5.802629900226192,5.802629900226192,5.802629900226192,6.996851841228982,Fail ,
6.662777837809608,5.006690895122011,5.883497012294174,8.960394408753247,2.2830917618828073,2.2830917618828073,2.2830917618828073,5.802629900226192,5.802629900226192,5.802629900226192,9.267630015439764,Safe ,
6.662777837809608,5.006690895122011,5.883497012294174,8.960394408753247,2.2830917618828073,2.2830917618828073,2.2830917618828073,5.802629900226192,5.802629900226192,5.802629900226192,7.845756997040502,Fail ,
6.662777837809608,5.006690895122011,5.883497012294174,8.960394408753247,2.2830917618828073,2.2830917618828073,2.2830917618828073,5.802629900226192,5.802629900226192,5.802629900226192,7.9133191028071845,Fail ,
6.662777837809608,5.006690895122011,5.883497012294174,8.960394408753247,2.2830917618828073,2.2830917618828073,2.2830917618828073,5.802629900226192,5.802629900226192,5.802629900226192,8.078147955942592,Fail ,
6.662777837809608,5.006690895122011,5.883497012294174,8.960394408753247,2.2830917618828073,2.2830917618828073,2.2830917618828073,5.802629900226192,5.802629900226192,5.802629900226192,8.721865868862277,Safe ,
6.662777837809608,5.006690895122011,5.883497012294174,8.960394408753247,2.2830917618828073,2.2830917618828073,2.2830917618828073,5.802629900226192,5.802629900226192,5.802629900226192,7.207150545761784,Fail ,
6.662777837809608,5.006690895122011,5.883497012294174,8.960394408753247,2.2830917618828073,2.2830917618828073,2.2830917618828073,5.802629900226192,5.802629900226192,5.802629900226192,8.166081922103986,Fail ,
6.662777837809608,5.006690895122011,5.883497012294174,8.960394408753247,2.2830917618828073,2.2830917618828073,2.2830917618828073,5.802629900226192,5.802629900226192,5.802629900226192,7.478174989998643,Fail ,
6.662777837809608,5.006690895122011,5.883497012294174,8.960394408753247,2.2830917618828073,2.2830917618828073,2.2830917618828073,5.802629900226192,5.802629900226192,5.802629900226192,8.142383405771053,Fail ,
6.662777837809608,5.006690895122011,5.883497012294174,8.960394408753247,2.2830917618828073,2.2830917618828073,2.2830917618828073,5.802629900226192,5.802629900226192,5.802629900226192,7.4552354633949856,Fail ,
6.662777837809608,5.006690895122011,5.883497012294174,8.960394408753247,2.2830917618828073,2.2830917618828073,2.2830917618828073,5.802629900226192,5.802629900226192,5.802629900226192,8.534926122606599,Safe ,
6.662777837809608,5.006690895122011,5.883497012294174,8.960394408753247,2.2830917618828073,2.2830917618828073,2.2830917618828073,5.802629900226192,5.802629900226192,5.802629900226192,6.694724706862532,Fail ,
6.662777837809608,5.006690895122011,5.883497012294174,8.960394408753247,2.2830917618828073,2.2830917618828073,2.2830917618828073,5.802629900226192,5.802629900226192,5.802629900226192,8.248460931124463,Fail ,
6.662777837809608,5.006690895122011,5.883497012294174,8.960394408753247,2.2830917618828073,2.2830917618828073,2.2830917618828073,5.802629900226192,5.802629900226192,5.802629900226192,7.669606834138248,Fail ,
6.662777837809608,5.006690895122011,5.883497012294174,8.960394408753247,2.2830917618828073,2.2830917618828073,2.2830917618828073,5.802629900226192,5.802629900226192,5.802629900226192,9.192489399594617,Safe ,
6.662777837809608,5.006690895122011,5.883497012294174,8.960394408753247,2.2830917618828073,2.2830917618828073,2.2830917618828073,5.802629900226192,5.802629900226192,5.802629900226192,7.368431277915137,Fail ,
6.662777837809608,5.006690895122011,5.883497012294174,8.960394408753247,2.2830917618828073,2.2830917618828073,2.2830917618828073,5.802629900226192,5.802629900226192,5.802629900226192,7.918991778792873,Fail ,
6.662777837809608,5.006690895122011,5.883497012294174,8.960394408753247,2.2830917618828073,2.2830917618828073,2.2830917618828073,5.802629900226192,5.802629900226192,5.802629900226192,7.465218347692115,Fail ,
6.662777837809608,5.006690895122011,5.883497012294174,8.960394408753247,2.2830917618828073,2.2830917618828073,2.2830917618828073,5.802629900226192,5.802629900226192,5.802629900226192,7.1589834320213335,Fail ,
6.662777837809608,5.006690895122011,5.883497012294174,8.960394408753247,2.2830917618828073,2.2830917618828073,2.2830917618828073,5.802629900226192,5.802629900226192,5.802629900226192,8.298898361187268,Fail ,
6.662777837809608,5.006690895122011,5.883497012294174,8.960394408753247,2.2830917618828073,2.2830917618828073,2.2830917618828073,5.802629900226192,5.802629900226192,5.802629900226192,7.574091659411003,Fail ,
6.662777837809608,5.006690895122011,5.883497012294174,8.960394408753247,2.2830917618828073,2.2830917618828073,2.2830917618828073,5.802629900226192,5.802629900226192,5.802629900226192,9.476844099210835,Safe ,
6.662777837809608,5.006690895122011,5.883497012294174,8.960394408753247,2.2830917618828073,2.2830917618828073,2.2830917618828073,5.802629900226192,5.802629900226192,5.802629900226192,8.215678184655028,Fail ,
6.662777837809608,5.006690895122011,5.883497012294174,8.960394408753247,2.2830917618828073,2.2830917618828073,2.2830917618828073,5.802629900226192,5.802629900226192,5.802629900226192,7.360158129352579,Fail ,
6.662777837809608,5.006690895122011,5.883497012294174,8.960394408753247,2.2830917618828073,2.2830917618828073,2.2830917618828073,5.802629900226192,5.802629900226192,5.802629900226192,8.476460384543717,Fail ,
6.662777837809608,5.006690895122011,5.883497012294174,8.960394408753247,2.2830917618828073,2.2830917618828073,2.2830917618828073,5.802629900226192,5.802629900226192,5.802629900226192,7.076425652238743,Fail ,
6.662777837809608,5.006690895122011,5.883497012294174,8.960394408753247,2.2830917618828073,2.2830917618828073,2.2830917618828073,5.802629900226192,5.802629900226192,5.802629900226192,8.44840558264489,Fail ,
6.662777837809608,5.006690895122011,5.883497012294174,8.960394408753247,2.2830917618828073,2.2830917618828073,2.2830917618828073,5.802629900226192,5.802629900226192,5.802629900226192,7.941628694518526,Fail ,
6.662777837809608,5.006690895122011,5.883497012294174,8.960394408753247,2.2830917618828073,2.2830917618828073,2.2830917618828073,5.802629900226192,5.802629900226192,5.802629900226192,8.775877124379134,Safe ,
6.662777837809608,5.006690895122011,5.883497012294174,8.960394408753247,2.2830917618828073,2.2830917618828073,2.2830917618828073,5.802629900226192,5.802629900226192,5.802629900226192,9.681259406219691,Safe ,
6.662777837809608,5.006690895122011,5.883497012294174,8.960394408753247,2.2830917618828073,2.2830917618828073,2.2830917618828073,5.802629900226192,5.802629900226192,5.802629900226192,8.369413068605349,Fail ,
6.662777837809608,5.006690895122011,5.883497012294174,8.960394408753247,2.2830917618828073,2.2830917618828073,2.2830917618828073,5.802629900226192,5.802629900226192,5.802629900226192,7.439663251137414,Fail ,
6.662777837809608,5.006690895122011,5.883497012294174,8.960394408753247,2.2830917618828073,2.2830917618828073,2.2830917618828073,5.802629900226192,5.802629900226192,5.802629900226192,8.335999878308874,Fail ,
6.662777837809608,5.006690895122011,5.883497012294174,8.960394408753247,2.2830917618828073,2.2830917618828073,2.2830917618828073,5.802629900226192,5.802629900226192,5.802629900226192,7.805062321778661,Fail ,
6.662777837809608,5.006690895122011,5.883497012294174,8.960394408753247,2.2830917618828073,2.2830917618828073,2.2830917618828073,5.802629900226192,5.802629900226192,5.802629900226192,7.7518910717843985,Fail ,
6.662777837809608,5.006690895122011,5.883497012294174,8.960394408753247,2.2830917618828073,2.2830917618828073,2.2830917618828073,5.802629900226192,5.802629900226192,5.802629900226192,9.918631449825277,Safe ,
6.662777837809608,5.006690895122011,5.883497012294174,8.960394408753247,2.2830917618828073,2.2830917618828073,2.2830917618828073,5.802629900226192,5.802629900226192,5.802629900226192,9.032498696566494,Safe ,
6.662777837809608,5.006690895122011,5.883497012294174,8.960394408753247,2.2830917618828073,2.2830917618828073,2.2830917618828073,5.802629900226192,5.802629900226192,5.802629900226192,8.291281526360173,Fail ,
6.662777837809608,5.006690895122011,5.883497012294174,8.960394408753247,2.2830917618828073,2.2830917618828073,2.2830917618828073,5.802629900226192,5.802629900226192,5.802629900226192,7.795967024633683,Fail ,
6.662777837809608,5.006690895122011,5.883497012294174,8.960394408753247,2.2830917618828073,2.2830917618828073,2.2830917618828073,5.802629900226192,5.802629900226192,5.802629900226192,8.02954140867796,Fail ,
6.662777837809608,5.006690895122011,5.883497012294174,8.960394408753247,2.2830917618828073,2.2830917618828073,2.2830917618828073,5.802629900226192,5.802629900226192,5.802629900226192,8.299348576236994,Fail ,
6.662777837809608,5.006690895122011,5.883497012294174,8.960394408753247,2.2830917618828073,2.2830917618828073,2.2830917618828073,5.802629900226192,5.802629900226192,5.802629900226192,9.238485370471821,Safe ,
6.662777837809608,5.006690895122011,5.883497012294174,8.960394408753247,2.2830917618828073,2.2830917618828073,2.2830917618828073,5.802629900226192,5.802629900226192,5.802629900226192,7.899364930124025,Fail ,
6.662777837809608,5.006690895122011,5.883497012294174,8.960394408753247,2.2830917618828073,2.2830917618828073,2.2830917618828073,5.802629900226192,5.802629900226192,5.802629900226192,8.105867462697516,Fail ,
6.662777837809608,5.006690895122011,5.883497012294174,8.960394408753247,2.2830917618828073,2.2830917618828073,2.2830917618828073,5.802629900226192,5.802629900226192,5.802629900226192,8.716513047301849,Safe ,
6.662777837809608,5.006690895122011,5.883497012294174,8.960394408753247,2.2830917618828073,2.2830917618828073,2.2830917618828073,5.802629900226192,5.802629900226192,5.802629900226192,9.320722869234245,Safe ,
6.662777837809608,5.006690895122011,5.883497012294174,8.960394408753247,2.2830917618828073,2.2830917618828073,2.2830917618828073,5.802629900226192,5.802629900226192,5.802629900226192,7.720060237125333,Fail ,
6.662777837809608,5.006690895122011,5.883497012294174,8.960394408753247,2.2830917618828073,2.2830917618828073,2.2830917618828073,5.802629900226192,5.802629900226192,5.802629900226192,8.026122919902438,Fail ,
6.662777837809608,5.006690895122011,5.883497012294174,8.960394408753247,2.2830917618828073,2.2830917618828073,2.2830917618828073,5.802629900226192,5.802629900226192,5.802629900226192,8.842782126250462,Safe ,
6.662777837809608,5.006690895122011,5.883497012294174,8.960394408753247,2.2830917618828073,2.2830917618828073,2.2830917618828073,5.802629900226192,5.802629900226192,5.802629900226192,7.986007878978821,Fail ,
6.662777837809608,5.006690895122011,5.883497012294174,8.960394408753247,2.2830917618828073,2.2830917618828073,2.2830917618828073,5.802629900226192,5.802629900226192,5.802629900226192,7.782189355910863,Fail ,
6.662777837809608,5.006690895122011,5.883497012294174,8.960394408753247,2.2830917618828073,2.2830917618828073,2.2830917618828073,5.802629900226192,5.802629900226192,5.802629900226192,9.411763794572524,Safe ,
6.662777837809608,5.006690895122011,5.883497012294174,8.960394408753247,2.2830917618828073,2.2830917618828073,2.2830917618828073,5.802629900226192,5.802629900226192,5.802629900226192,9.261120137184108,Safe ,
6.662777837809608,5.006690895122011,5.883497012294174,8.960394408753247,2.2830917618828073,2.2830917618828073,2.2830917618828073,5.802629900226192,5.802629900226192,5.802629900226192,7.884263769237434,Fail ,
6.662777837809608,5.006690895122011,5.883497012294174,8.960394408753247,2.2830917618828073,2.2830917618828073,2.2830917618828073,5.802629900226192,5.802629900226192,5.802629900226192,7.7479062844349995,Fail ,
6.662777837809608,5.006690895122011,5.883497012294174,8.960394408753247,2.2830917618828073,2.2830917618828073,2.2830917618828073,5.802629900226192,5.802629900226192,5.802629900226192,8.603714234503533,Safe ,
6.662777837809608,5.006690895122011,5.883497012294174,8.960394408753247,2.2830917618828073,2.2830917618828073,2.2830917618828073,5.802629900226192,5.802629900226192,5.802629900226192,8.141025594054472,Fail ,
6.662777837809608,5.006690895122011,5.883497012294174,8.960394408753247,2.2830917618828073,2.2830917618828073,2.2830917618828073,5.802629900226192,5.802629900226192,5.802629900226192,7.618546802960908,Fail ,
6.662777837809608,5.006690895122011,5.883497012294174,8.960394408753247,2.2830917618828073,2.2830917618828073,2.2830917618828073,5.802629900226192,5.802629900226192,5.802629900226192,7.735351377722416,Fail ,
6.662777837809608,5.006690895122011,5.883497012294174,8.960394408753247,2.2830917618828073,2.2830917618828073,2.2830917618828073,5.802629900226192,5.802629900226192,5.802629900226192,8.737904483474658,Safe ,
6.662777837809608,5.006690895122011,5.883497012294174,8.960394408753247,2.2830917618828073,2.2830917618828073,2.2830917618828073,5.802629900226192,5.802629900226192,5.802629900226192,8.072097128046194,Fail ,
6.662777837809608,5.006690895122011,5.883497012294174,8.960394408753247,2.2830917618828073,2.2830917618828073,2.2830917618828073,5.802629900226192,5.802629900226192,5.802629900226192,7.727921691745312,Fail ,
6.662777837809608,5.006690895122011,5.883497012294174,8.960394408753247,2.2830917618828073,2.2830917618828073,2.2830917618828073,5.802629900226192,5.802629900226192,5.802629900226192,7.7562379424798396,Fail ,
6.662777837809608,5.006690895122011,5.883497012294174,8.960394408753247,2.2830917618828073,2.2830917618828073,2.2830917618828073,5.802629900226192,5.802629900226192,5.802629900226192,7.728182186911012,Fail ,
6.662777837809608,5.006690895122011,5.883497012294174,8.960394408753247,2.2830917618828073,2.2830917618828073,2.2830917618828073,5.802629900226192,5.802629900226192,5.802629900226192,6.672297825516863,Fail ,
6.662777837809608,5.006690895122011,5.883497012294174,8.960394408753247,2.2830917618828073,2.2830917618828073,2.2830917618828073,5.802629900226192,5.802629900226192,5.802629900226192,7.059530168980756,Fail ,
6.662777837809608,5.006690895122011,5.883497012294174,8.960394408753247,2.2830917618828073,2.2830917618828073,2.2830917618828073,5.802629900226192,5.802629900226192,5.802629900226192,8.017575280950682,Fail ,
6.662777837809608,5.006690895122011,5.883497012294174,8.960394408753247,2.2830917618828073,2.2830917618828073,2.2830917618828073,5.802629900226192,5.802629900226192,5.802629900226192,8.619619169098277,Safe ,
6.662777837809608,5.006690895122011,5.883497012294174,8.960394408753247,2.2830917618828073,2.2830917618828073,2.2830917618828073,5.802629900226192,5.802629900226192,5.802629900226192,8.498414478681783,Fail ,
6.662777837809608,5.006690895122011,5.883497012294174,8.960394408753247,2.2830917618828073,2.2830917618828073,2.2830917618828073,5.802629900226192,5.802629900226192,5.802629900226192,8.235701054591447,Fail ,
6.662777837809608,5.006690895122011,5.883497012294174,8.960394408753247,2.2830917618828073,2.2830917618828073,2.2830917618828073,5.802629900226192,5.802629900226192,5.802629900226192,6.2035175530445565,Fail ,
6.662777837809608,5.006690895122011,5.883497012294174,8.960394408753247,2.2830917618828073,2.2830917618828073,2.2830917618828073,5.802629900226192,5.802629900226192,5.802629900226192,8.129358356613789,Fail ,
6.662777837809608,5.006690895122011,5.883497012294174,8.960394408753247,2.2830917618828073,2.2830917618828073,2.2830917618828073,5.802629900226192,5.802629900226192,5.802629900226192,8.114790646640637,Fail ,
6.662777837809608,5.006690895122011,5.883497012294174,8.960394408753247,2.2830917618828073,2.2830917618828073,2.2830917618828073,5.802629900226192,5.802629900226192,5.802629900226192,8.960008532133866,Safe ,
6.662777837809608,5.006690895122011,5.883497012294174,8.960394408753247,2.2830917618828073,2.2830917618828073,2.2830917618828073,5.802629900226192,5.802629900226192,5.802629900226192,7.462137061816821,Fail ,
6.662777837809608,5.006690895122011,5.883497012294174,8.960394408753247,2.2830917618828073,2.2830917618828073,2.2830917618828073,5.802629900226192,5.802629900226192,5.802629900226192,7.324768291569883,Fail ,
6.662777837809608,5.006690895122011,5.883497012294174,8.960394408753247,2.2830917618828073,2.2830917618828073,2.2830917618828073,5.802629900226192,5.802629900226192,5.802629900226192,7.583591039516254,Fail ,
6.662777837809608,5.006690895122011,5.883497012294174,8.960394408753247,2.2830917618828073,2.2830917618828073,2.2830917618828073,5.802629900226192,5.802629900226192,5.802629900226192,7.709130973785159,Fail ,
6.662777837809608,5.006690895122011,5.883497012294174,8.960394408753247,2.2830917618828073,2.2830917618828073,2.2830917618828073,5.802629900226192,5.802629900226192,5.802629900226192,8.63814218290578,Safe ,
6.662777837809608,5.006690895122011,5.883497012294174,8.960394408753247,2.2830917618828073,2.2830917618828073,2.2830917618828073,5.802629900226192,5.802629900226192,5.802629900226192,8.560004187033881,Safe ,
6.662777837809608,5.006690895122011,5.883497012294174,8.960394408753247,2.2830917618828073,2.2830917618828073,2.2830917618828073,5.802629900226192,5.802629900226192,5.802629900226192,7.94832311035617,Fail ,
6.662777837809608,5.006690895122011,5.883497012294174,8.960394408753247,2.2830917618828073,2.2830917618828073,2.2830917618828073,5.802629900226192,5.802629900226192,5.802629900226192,8.300920209956484,Fail ,
6.662777837809608,5.006690895122011,5.883497012294174,8.960394408753247,2.2830917618828073,2.2830917618828073,2.2830917618828073,5.802629900226192,5.802629900226192,5.802629900226192,7.999377449192984,Fail ,
6.662777837809608,5.006690895122011,5.883497012294174,8.960394408753247,2.2830917618828073,2.2830917618828073,2.2830917618828073,5.802629900226192,5.802629900226192,5.802629900226192,8.08123988681949,Fail ,
6.662777837809608,5.006690895122011,5.883497012294174,8.960394408753247,2.2830917618828073,2.2830917618828073,2.2830917618828073,5.802629900226192,5.802629900226192,5.802629900226192,8.740247800683791,Safe ,
6.662777837809608,5.006690895122011,5.883497012294174,8.960394408753247,2.2830917618828073,2.2830917618828073,2.2830917618828073,5.802629900226192,5.802629900226192,5.802629900226192,7.549989819396864,Fail ,
6.662777837809608,5.006690895122011,5.883497012294174,8.960394408753247,2.2830917618828073,2.2830917618828073,2.2830917618828073,5.802629900226192,5.802629900226192,5.802629900226192,8.846035534469046,Safe ,
6.662777837809608,5.006690895122011,5.883497012294174,8.960394408753247,2.2830917618828073,2.2830917618828073,2.2830917618828073,5.802629900226192,5.802629900226192,5.802629900226192,7.45071586040106,Fail ,
6.662777837809608,5.006690895122011,5.883497012294174,8.960394408753247,2.2830917618828073,2.2830917618828073,2.2830917618828073,5.802629900226192,5.802629900226192,5.802629900226192,8.027990754782579,Fail ,
6.662777837809608,5.006690895122011,5.883497012294174,8.960394408753247,2.2830917618828073,2.2830917618828073,2.2830917618828073,5.802629900226192,5.802629900226192,5.802629900226192,8.527863552421302,Safe ,
6.662777837809608,5.006690895122011,5.883497012294174,8.960394408753247,2.2830917618828073,2.2830917618828073,2.2830917618828073,5.802629900226192,5.802629900226192,5.802629900226192,6.69875798717906,Fail ,
6.662777837809608,5.006690895122011,5.883497012294174,8.960394408753247,2.2830917618828073,2.2830917618828073,2.2830917618828073,5.802629900226192,5.802629900226192,5.802629900226192,8.214084153009322,Fail ,
6.662777837809608,5.006690895122011,5.883497012294174,8.960394408753247,2.2830917618828073,2.2830917618828073,2.2830917618828073,5.802629900226192,5.802629900226192,5.802629900226192,9.074369414992434,Safe ,
6.662777837809608,5.006690895122011,5.883497012294174,8.960394408753247,2.2830917618828073,2.2830917618828073,2.2830917618828073,5.802629900226192,5.802629900226192,5.802629900226192,9.027029197145206,Safe ,
6.662777837809608,5.006690895122011,5.883497012294174,8.960394408753247,2.2830917618828073,2.2830917618828073,2.2830917618828073,5.802629900226192,5.802629900226192,5.802629900226192,8.176747656154435,Fail ,
6.662777837809608,5.006690895122011,5.883497012294174,8.960394408753247,2.2830917618828073,2.2830917618828073,2.2830917618828073,5.802629900226192,5.802629900226192,5.802629900226192,9.057358408952481,Safe ,
6.662777837809608,5.006690895122011,5.883497012294174,8.960394408753247,2.2830917618828073,2.2830917618828073,2.2830917618828073,5.802629900226192,5.802629900226192,5.802629900226192,7.844391194959441,Fail ,
6.662777837809608,5.006690895122011,5.883497012294174,8.960394408753247,2.2830917618828073,2.2830917618828073,2.2830917618828073,5.802629900226192,5.802629900226192,5.802629900226192,7.225124185574195,Fail ,
6.662777837809608,5.006690895122011,5.883497012294174,8.960394408753247,2.2830917618828073,2.2830917618828073,2.2830917618828073,5.802629900226192,5.802629900226192,5.802629900226192,7.0438415312899405,Fail ,
6.662777837809608,5.006690895122011,5.883497012294174,8.960394408753247,2.2830917618828073,2.2830917618828073,2.2830917618828073,5.802629900226192,5.802629900226192,5.802629900226192,7.284279579349041,Fail ,
6.662777837809608,5.006690895122011,5.883497012294174,8.960394408753247,2.2830917618828073,2.2830917618828073,2.2830917618828073,5.802629900226192,5.802629900226192,5.802629900226192,8.393441143263592,Fail ,
6.662777837809608,5.006690895122011,5.883497012294174,8.960394408753247,2.2830917618828073,2.2830917618828073,2.2830917618828073,5.802629900226192,5.802629900226192,5.802629900226192,8.289033317026956,Fail ,
6.662777837809608,5.006690895122011,5.883497012294174,8.960394408753247,2.2830917618828073,2.2830917618828073,2.2830917618828073,5.802629900226192,5.802629900226192,5.802629900226192,8.227910522762397,Fail ,
6.662777837809608,5.006690895122011,5.883497012294174,8.960394408753247,2.2830917618828073,2.2830917618828073,2.2830917618828073,5.802629900226192,5.802629900226192,5.802629900226192,8.230199369306124,Fail ,
6.662777837809608,5.006690895122011,5.883497012294174,8.960394408753247,2.2830917618828073,2.2830917618828073,2.2830917618828073,5.802629900226192,5.802629900226192,5.802629900226192,8.467819539317793,Fail ,
6.662777837809608,5.006690895122011,5.883497012294174,8.960394408753247,2.2830917618828073,2.2830917618828073,2.2830917618828073,5.802629900226192,5.802629900226192,5.802629900226192,7.797042135036274,Fail ,
6.662777837809608,5.006690895122011,5.883497012294174,8.960394408753247,2.2830917618828073,2.2830917618828073,2.2830917618828073,5.802629900226192,5.802629900226192,5.802629900226192,7.132402434126575,Fail ,
6.662777837809608,5.006690895122011,5.883497012294174,8.960394408753247,2.2830917618828073,2.2830917618828073,2.2830917618828073,5.802629900226192,5.802629900226192,5.802629900226192,8.003606149632475,Fail ,
6.662777837809608,5.006690895122011,5.883497012294174,8.960394408753247,2.2830917618828073,2.2830917618828073,2.2830917618828073,5.802629900226192,5.802629900226192,5.802629900226192,8.589875091994601,Safe ,
6.662777837809608,5.006690895122011,5.883497012294174,8.960394408753247,2.2830917618828073,2.2830917618828073,2.2830917618828073,5.802629900226192,5.802629900226192,5.802629900226192,8.15642773482151,Fail ,
6.662777837809608,5.006690895122011,5.883497012294174,8.960394408753247,2.2830917618828073,2.2830917618828073,2.2830917618828073,5.802629900226192,5.802629900226192,5.802629900226192,9.020169175824538,Safe ,
6.662777837809608,5.006690895122011,5.883497012294174,8.960394408753247,2.2830917618828073,2.2830917618828073,2.2830917618828073,5.802629900226192,5.802629900226192,5.802629900226192,8.533331272611033,Safe ,
6.662777837809608,5.006690895122011,5.883497012294174,8.960394408753247,2.2830917618828073,2.2830917618828073,2.2830917618828073,5.802629900226192,5.802629900226192,5.802629900226192,6.9351194480498055,Fail ,
6.662777837809608,5.006690895122011,5.883497012294174,8.960394408753247,2.2830917618828073,2.2830917618828073,2.2830917618828073,5.802629900226192,5.802629900226192,5.802629900226192,7.883242582393293,Fail ,
6.662777837809608,5.006690895122011,5.883497012294174,8.960394408753247,2.2830917618828073,2.2830917618828073,2.2830917618828073,5.802629900226192,5.802629900226192,5.802629900226192,7.5643696225486465,Fail ,
6.662777837809608,5.006690895122011,5.883497012294174,8.960394408753247,2.2830917618828073,2.2830917618828073,2.2830917618828073,5.802629900226192,5.802629900226192,5.802629900226192,8.540852146196457,Safe ,
6.662777837809608,5.006690895122011,5.883497012294174,8.960394408753247,2.2830917618828073,2.2830917618828073,2.2830917618828073,5.802629900226192,5.802629900226192,5.802629900226192,7.701966030233398,Fail ,
6.662777837809608,5.006690895122011,5.883497012294174,8.960394408753247,2.2830917618828073,2.2830917618828073,2.2830917618828073,5.802629900226192,5.802629900226192,5.802629900226192,8.760845086225725,Safe ,
6.662777837809608,5.006690895122011,5.883497012294174,8.960394408753247,2.2830917618828073,2.2830917618828073,2.2830917618828073,5.802629900226192,5.802629900226192,5.802629900226192,8.00787927065348,Fail ,
6.662777837809608,5.006690895122011,5.883497012294174,8.960394408753247,2.2830917618828073,2.2830917618828073,2.2830917618828073,5.802629900226192,5.802629900226192,5.802629900226192,8.401990734776847,Fail ,
6.662777837809608,5.006690895122011,5.883497012294174,8.960394408753247,2.2830917618828073,2.2830917618828073,2.2830917618828073,5.802629900226192,5.802629900226192,5.802629900226192,8.647311373236827,Safe ,
6.662777837809608,5.006690895122011,5.883497012294174,8.960394408753247,2.2830917618828073,2.2830917618828073,2.2830917618828073,5.802629900226192,5.802629900226192,5.802629900226192,8.257669894036646,Fail ,
6.662777837809608,5.006690895122011,5.883497012294174,8.960394408753247,2.2830917618828073,2.2830917618828073,2.2830917618828073,5.802629900226192,5.802629900226192,5.802629900226192,7.596547340547133,Fail ,
6.662777837809608,5.006690895122011,5.883497012294174,8.960394408753247,2.2830917618828073,2.2830917618828073,2.2830917618828073,5.802629900226192,5.802629900226192,5.802629900226192,8.197313987944078,Fail ,
6.662777837809608,5.006690895122011,5.883497012294174,8.960394408753247,2.2830917618828073,2.2830917618828073,2.2830917618828073,5.802629900226192,5.802629900226192,5.802629900226192,7.956929706539952,Fail ,
6.662777837809608,5.006690895122011,5.883497012294174,8.960394408753247,2.2830917618828073,2.2830917618828073,2.2830917618828073,5.802629900226192,5.802629900226192,5.802629900226192,7.335390347432268,Fail ,
6.662777837809608,5.006690895122011,5.883497012294174,8.960394408753247,2.2830917618828073,2.2830917618828073,2.2830917618828073,5.802629900226192,5.802629900226192,5.802629900226192,8.25033009509203,Fail ,
6.662777837809608,5.006690895122011,5.883497012294174,8.960394408753247,2.2830917618828073,2.2830917618828073,2.2830917618828073,5.802629900226192,5.802629900226192,5.802629900226192,8.398624325819485,Fail ,
6.662777837809608,5.006690895122011,5.883497012294174,8.960394408753247,2.2830917618828073,2.2830917618828073,2.2830917618828073,5.802629900226192,5.802629900226192,5.802629900226192,7.536297283630251,Fail ,
6.662777837809608,5.006690895122011,5.883497012294174,8.960394408753247,2.2830917618828073,2.2830917618828073,2.2830917618828073,5.802629900226192,5.802629900226192,5.802629900226192,7.356423049061108,Fail ,
6.662777837809608,5.006690895122011,5.883497012294174,8.960394408753247,2.2830917618828073,2.2830917618828073,2.2830917618828073,5.802629900226192,5.802629900226192,5.802629900226192,7.403743524135607,Fail ,
6.662777837809608,5.006690895122011,5.883497012294174,8.960394408753247,2.2830917618828073,2.2830917618828073,2.2830917618828073,5.802629900226192,5.802629900226192,5.802629900226192,8.084860748208373,Fail ,
6.662777837809608,5.006690895122011,5.883497012294174,8.960394408753247,2.2830917618828073,2.2830917618828073,2.2830917618828073,5.802629900226192,5.802629900226192,5.802629900226192,8.712096961711351,Safe ,
6.662777837809608,5.006690895122011,5.883497012294174,8.960394408753247,2.2830917618828073,2.2830917618828073,2.2830917618828073,5.802629900226192,5.802629900226192,5.802629900226192,8.630102528265512,Safe ,
6.662777837809608,5.006690895122011,5.883497012294174,8.960394408753247,2.2830917618828073,2.2830917618828073,2.2830917618828073,5.802629900226192,5.802629900226192,5.802629900226192,8.972681257278294,Safe ,
6.662777837809608,5.006690895122011,5.883497012294174,8.960394408753247,2.2830917618828073,2.2830917618828073,2.2830917618828073,5.802629900226192,5.802629900226192,5.802629900226192,7.764488132831794,Fail ,
6.662777837809608,5.006690895122011,5.883497012294174,8.960394408753247,2.2830917618828073,2.2830917618828073,2.2830917618828073,5.802629900226192,5.802629900226192,5.802629900226192,8.717506393677933,Safe ,
6.662777837809608,5.006690895122011,5.883497012294174,8.960394408753247,2.2830917618828073,2.2830917618828073,2.2830917618828073,5.802629900226192,5.802629900226192,5.802629900226192,8.754208333095763,Safe ,
6.662777837809608,5.006690895122011,5.883497012294174,8.960394408753247,2.2830917618828073,2.2830917618828073,2.2830917618828073,5.802629900226192,5.802629900226192,5.802629900226192,7.589860684929545,Fail ,
6.662777837809608,5.006690895122011,5.883497012294174,8.960394408753247,2.2830917618828073,2.2830917618828073,2.2830917618828073,5.802629900226192,5.802629900226192,5.802629900226192,7.653429494577027,Fail ,
6.662777837809608,5.006690895122011,5.883497012294174,8.960394408753247,2.2830917618828073,2.2830917618828073,2.2830917618828073,5.802629900226192,5.802629900226192,5.802629900226192,9.147150832380115,Safe ,
6.662777837809608,5.006690895122011,5.883497012294174,8.960394408753247,2.2830917618828073,2.2830917618828073,2.2830917618828073,5.802629900226192,5.802629900226192,5.802629900226192,7.079207410860958,Fail ,
6.662777837809608,5.006690895122011,5.883497012294174,8.960394408753247,2.2830917618828073,2.2830917618828073,2.2830917618828073,5.802629900226192,5.802629900226192,5.802629900226192,7.499093871085445,Fail ,
6.662777837809608,5.006690895122011,5.883497012294174,8.960394408753247,2.2830917618828073,2.2830917618828073,2.2830917618828073,5.802629900226192,5.802629900226192,5.802629900226192,7.9371728877271766,Fail ,
6.662777837809608,5.006690895122011,5.883497012294174,8.960394408753247,2.2830917618828073,2.2830917618828073,2.2830917618828073,5.802629900226192,5.802629900226192,5.802629900226192,7.729926118085018,Fail ,
6.662777837809608,5.006690895122011,5.883497012294174,8.960394408753247,2.2830917618828073,2.2830917618828073,2.2830917618828073,5.802629900226192,5.802629900226192,5.802629900226192,9.446061324122429,Safe ,
6.662777837809608,5.006690895122011,5.883497012294174,8.960394408753247,2.2830917618828073,2.2830917618828073,2.2830917618828073,5.802629900226192,5.802629900226192,5.802629900226192,7.288008914724765,Fail ,
6.662777837809608,5.006690895122011,5.883497012294174,8.960394408753247,2.2830917618828073,2.2830917618828073,2.2830917618828073,5.802629900226192,5.802629900226192,5.802629900226192,7.905759379970796,Fail ,
6.662777837809608,5.006690895122011,5.883497012294174,8.960394408753247,2.2830917618828073,2.2830917618828073,2.2830917618828073,5.802629900226192,5.802629900226192,5.802629900226192,7.419877126694047,Fail ,
6.662777837809608,5.006690895122011,5.883497012294174,8.960394408753247,2.2830917618828073,2.2830917618828073,2.2830917618828073,5.802629900226192,5.802629900226192,5.802629900226192,8.668663946900056,Safe ,
6.662777837809608,5.006690895122011,5.883497012294174,8.960394408753247,2.2830917618828073,2.2830917618828073,2.2830917618828073,5.802629900226192,5.802629900226192,5.802629900226192,8.380924689547122,Fail ,
6.662777837809608,5.006690895122011,5.883497012294174,8.960394408753247,2.2830917618828073,2.2830917618828073,2.2830917618828073,5.802629900226192,5.802629900226192,5.802629900226192,7.281599931161859,Fail ,
6.662777837809608,5.006690895122011,5.883497012294174,8.960394408753247,2.2830917618828073,2.2830917618828073,2.2830917618828073,5.802629900226192,5.802629900226192,5.802629900226192,8.441010990748186,Fail ,
6.662777837809608,5.006690895122011,5.883497012294174,8.960394408753247,2.2830917618828073,2.2830917618828073,2.2830917618828073,5.802629900226192,5.802629900226192,5.802629900226192,8.24162138657533,Fail ,
6.662777837809608,5.006690895122011,5.883497012294174,8.960394408753247,2.2830917618828073,2.2830917618828073,2.2830917618828073,5.802629900226192,5.802629900226192,5.802629900226192,9.525688483817879,Safe ,
6.662777837809608,5.006690895122011,5.883497012294174,8.960394408753247,2.2830917618828073,2.2830917618828073,2.2830917618828073,5.802629900226192,5.802629900226192,5.802629900226192,8.817591905080528,Safe ,
6.662777837809608,5.006690895122011,5.883497012294174,8.960394408753247,2.2830917618828073,2.2830917618828073,2.2830917618828073,5.802629900226192,5.802629900226192,5.802629900226192,8.044387488439293,Fail ,
6.662777837809608,5.006690895122011,5.883497012294174,8.960394408753247,2.2830917618828073,2.2830917618828073,2.2830917618828073,5.802629900226192,5.802629900226192,5.802629900226192,7.705734603620532,Fail ,
6.662777837809608,5.006690895122011,5.883497012294174,8.960394408753247,2.2830917618828073,2.2830917618828073,2.2830917618828073,5.802629900226192,5.802629900226192,5.802629900226192,8.254965322953298,Fail ,
6.662777837809608,5.006690895122011,5.883497012294174,8.960394408753247,2.2830917618828073,2.2830917618828073,2.2830917618828073,5.802629900226192,5.802629900226192,5.802629900226192,8.818273106306691,Safe ,
6.662777837809608,5.006690895122011,5.883497012294174,8.960394408753247,2.2830917618828073,2.2830917618828073,2.2830917618828073,5.802629900226192,5.802629900226192,5.802629900226192,8.387173758994557,Fail ,
