W10X12, L = 360.0 in, slope = 0.020833333333333332 in/in, dead load = 6.944444444444444e-05 kip/in^2
zwlim AISC Appendix 2,zwlim DAMP,zwlim Proposed for ASCE 7,zwlim Neglect Ponding,dhnom Denver,dhnom New York,dhnom New Orleans,dh Denver,dh New York,dh New Orleans,dmax
4.471921883028943,3.3956645954933102,4.412460643063396,7.149819454191637,1.2186865843807877,1.2186865843807877,1.2186865843807877,2.960873746168707,2.960873746168707,2.960873746168707,5.72379444094269,Safe ,
4.471921883028943,3.3956645954933102,4.412460643063396,7.149819454191637,1.2186865843807877,1.2186865843807877,1.2186865843807877,2.960873746168707,2.960873746168707,2.960873746168707,5.352906776489265,Safe ,
4.471921883028943,3.3956645954933102,4.412460643063396,7.149819454191637,1.2186865843807877,1.2186865843807877,1.2186865843807877,2.960873746168707,2.960873746168707,2.960873746168707,5.441750798019223,Safe ,
4.471921883028943,3.3956645954933102,4.412460643063396,7.149819454191637,1.2186865843807877,1.2186865843807877,1.2186865843807877,2.960873746168707,2.960873746168707,2.960873746168707,6.172158533861203,Safe ,
4.471921883028943,3.3956645954933102,4.412460643063396,7.149819454191637,1.2186865843807877,1.2186865843807877,1.2186865843807877,2.960873746168707,2.960873746168707,2.960873746168707,4.833011222630007,Fail ,
4.471921883028943,3.3956645954933102,4.412460643063396,7.149819454191637,1.2186865843807877,1.2186865843807877,1.2186865843807877,2.960873746168707,2.960873746168707,2.960873746168707,7.154003354813779,Safe ,
4.471921883028943,3.3956645954933102,4.412460643063396,7.149819454191637,1.2186865843807877,1.2186865843807877,1.2186865843807877,2.960873746168707,2.960873746168707,2.960873746168707,5.588251955941409,Safe ,
4.471921883028943,3.3956645954933102,4.412460643063396,7.149819454191637,1.2186865843807877,1.2186865843807877,1.2186865843807877,2.960873746168707,2.960873746168707,2.960873746168707,5.189201457989003,Safe ,
4.471921883028943,3.3956645954933102,4.412460643063396,7.149819454191637,1.2186865843807877,1.2186865843807877,1.2186865843807877,2.960873746168707,2.960873746168707,2.960873746168707,5.897342328910941,Safe ,
4.471921883028943,3.3956645954933102,4.412460643063396,7.149819454191637,1.2186865843807877,1.2186865843807877,1.2186865843807877,2.960873746168707,2.960873746168707,2.960873746168707,5.532326506375116,Safe ,
4.471921883028943,3.3956645954933102,4.412460643063396,7.149819454191637,1.2186865843807877,1.2186865843807877,1.2186865843807877,2.960873746168707,2.960873746168707,2.960873746168707,4.763984590288547,Fail ,
4.471921883028943,3.3956645954933102,4.412460643063396,7.149819454191637,1.2186865843807877,1.2186865843807877,1.2186865843807877,2.960873746168707,2.960873746168707,2.960873746168707,4.731313973618915,Fail ,
4.471921883028943,3.3956645954933102,4.412460643063396,7.149819454191637,1.2186865843807877,1.2186865843807877,1.2186865843807877,2.960873746168707,2.960873746168707,2.960873746168707,6.198294305889599,Safe ,
4.471921883028943,3.3956645954933102,4.412460643063396,7.149819454191637,1.2186865843807877,1.2186865843807877,1.2186865843807877,2.960873746168707,2.960873746168707,2.960873746168707,5.318338910285216,Safe ,
4.471921883028943,3.3956645954933102,4.412460643063396,7.149819454191637,1.2186865843807877,1.2186865843807877,1.2186865843807877,2.960873746168707,2.960873746168707,2.960873746168707,5.873399607059772,Safe ,
4.471921883028943,3.3956645954933102,4.412460643063396,7.149819454191637,1.2186865843807877,1.2186865843807877,1.2186865843807877,2.960873746168707,2.960873746168707,2.960873746168707,5.5765994403825205,Safe ,
4.471921883028943,3.3956645954933102,4.412460643063396,7.149819454191637,1.2186865843807877,1.2186865843807877,1.2186865843807877,2.960873746168707,2.960873746168707,2.960873746168707,5.714573110556084,Safe ,
4.471921883028943,3.3956645954933102,4.412460643063396,7.149819454191637,1.2186865843807877,1.2186865843807877,1.2186865843807877,2.960873746168707,2.960873746168707,2.960873746168707,6.297204526816823,Safe ,
4.471921883028943,3.3956645954933102,4.412460643063396,7.149819454191637,1.2186865843807877,1.2186865843807877,1.2186865843807877,2.960873746168707,2.960873746168707,2.960873746168707,5.325120717195546,Safe ,
4.471921883028943,3.3956645954933102,4.412460643063396,7.149819454191637,1.2186865843807877,1.2186865843807877,1.2186865843807877,2.960873746168707,2.960873746168707,2.960873746168707,5.672029313981795,Safe ,
4.471921883028943,3.3956645954933102,4.412460643063396,7.149819454191637,1.2186865843807877,1.2186865843807877,1.2186865843807877,2.960873746168707,2.960873746168707,2.960873746168707,5.10929669564859,Fail ,
4.471921883028943,3.3956645954933102,4.412460643063396,7.149819454191637,1.2186865843807877,1.2186865843807877,1.2186865843807877,2.960873746168707,2.960873746168707,2.960873746168707,5.973066429850745,Safe ,
4.471921883028943,3.3956645954933102,4.412460643063396,7.149819454191637,1.2186865843807877,1.2186865843807877,1.2186865843807877,2.960873746168707,2.960873746168707,2.960873746168707,5.623915414578764,Safe ,
4.471921883028943,3.3956645954933102,4.412460643063396,7.149819454191637,1.2186865843807877,1.2186865843807877,1.2186865843807877,2.960873746168707,2.960873746168707,2.960873746168707,5.648020549354493,Safe ,
4.471921883028943,3.3956645954933102,4.412460643063396,7.149819454191637,1.2186865843807877,1.2186865843807877,1.2186865843807877,2.960873746168707,2.960873746168707,2.960873746168707,5.639316465221214,Safe ,
4.471921883028943,3.3956645954933102,4.412460643063396,7.149819454191637,1.2186865843807877,1.2186865843807877,1.2186865843807877,2.960873746168707,2.960873746168707,2.960873746168707,5.038716449180411,Fail ,
4.471921883028943,3.3956645954933102,4.412460643063396,7.149819454191637,1.2186865843807877,1.2186865843807877,1.2186865843807877,2.960873746168707,2.960873746168707,2.960873746168707,5.980515695589496,Safe ,
4.471921883028943,3.3956645954933102,4.412460643063396,7.149819454191637,1.2186865843807877,1.2186865843807877,1.2186865843807877,2.960873746168707,2.960873746168707,2.960873746168707,5.436300541822261,Safe ,
4.471921883028943,3.3956645954933102,4.412460643063396,7.149819454191637,1.2186865843807877,1.2186865843807877,1.2186865843807877,2.960873746168707,2.960873746168707,2.960873746168707,5.33676504792936,Safe ,
4.471921883028943,3.3956645954933102,4.412460643063396,7.149819454191637,1.2186865843807877,1.2186865843807877,1.2186865843807877,2.960873746168707,2.960873746168707,2.960873746168707,6.094157163040936,Safe ,
4.471921883028943,3.3956645954933102,4.412460643063396,7.149819454191637,1.2186865843807877,1.2186865843807877,1.2186865843807877,2.960873746168707,2.960873746168707,2.960873746168707,6.096729904307461,Safe ,
4.471921883028943,3.3956645954933102,4.412460643063396,7.149819454191637,1.2186865843807877,1.2186865843807877,1.2186865843807877,2.960873746168707,2.960873746168707,2.960873746168707,5.733108674089708,Safe ,
4.471921883028943,3.3956645954933102,4.412460643063396,7.149819454191637,1.2186865843807877,1.2186865843807877,1.2186865843807877,2.960873746168707,2.960873746168707,2.960873746168707,5.389439147562682,Safe ,
4.471921883028943,3.3956645954933102,4.412460643063396,7.149819454191637,1.2186865843807877,1.2186865843807877,1.2186865843807877,2.960873746168707,2.960873746168707,2.960873746168707,6.226171302687781,Safe ,
4.471921883028943,3.3956645954933102,4.412460643063396,7.149819454191637,1.2186865843807877,1.2186865843807877,1.2186865843807877,2.960873746168707,2.960873746168707,2.960873746168707,5.921192745517712,Safe ,
4.471921883028943,3.3956645954933102,4.412460643063396,7.149819454191637,1.2186865843807877,1.2186865843807877,1.2186865843807877,2.960873746168707,2.960873746168707,2.960873746168707,5.291409170807136,Safe ,
4.471921883028943,3.3956645954933102,4.412460643063396,7.149819454191637,1.2186865843807877,1.2186865843807877,1.2186865843807877,2.960873746168707,2.960873746168707,2.960873746168707,5.5976463158228125,Safe ,
4.471921883028943,3.3956645954933102,4.412460643063396,7.149819454191637,1.2186865843807877,1.2186865843807877,1.2186865843807877,2.960873746168707,2.960873746168707,2.960873746168707,5.979536568969476,Safe ,
4.471921883028943,3.3956645954933102,4.412460643063396,7.149819454191637,1.2186865843807877,1.2186865843807877,1.2186865843807877,2.960873746168707,2.960873746168707,2.960873746168707,6.249584129415915,Safe ,
4.471921883028943,3.3956645954933102,4.412460643063396,7.149819454191637,1.2186865843807877,1.2186865843807877,1.2186865843807877,2.960873746168707,2.960873746168707,2.960873746168707,4.810848559113354,Fail ,
4.471921883028943,3.3956645954933102,4.412460643063396,7.149819454191637,1.2186865843807877,1.2186865843807877,1.2186865843807877,2.960873746168707,2.960873746168707,2.960873746168707,6.543261611911834,Safe ,
4.471921883028943,3.3956645954933102,4.412460643063396,7.149819454191637,1.2186865843807877,1.2186865843807877,1.2186865843807877,2.960873746168707,2.960873746168707,2.960873746168707,5.5537430129599565,Safe ,
4.471921883028943,3.3956645954933102,4.412460643063396,7.149819454191637,1.2186865843807877,1.2186865843807877,1.2186865843807877,2.960873746168707,2.960873746168707,2.960873746168707,5.463426219609278,Safe ,
4.471921883028943,3.3956645954933102,4.412460643063396,7.149819454191637,1.2186865843807877,1.2186865843807877,1.2186865843807877,2.960873746168707,2.960873746168707,2.960873746168707,5.733641841330537,Safe ,
4.471921883028943,3.3956645954933102,4.412460643063396,7.149819454191637,1.2186865843807877,1.2186865843807877,1.2186865843807877,2.960873746168707,2.960873746168707,2.960873746168707,6.080974069753037,Safe ,
4.471921883028943,3.3956645954933102,4.412460643063396,7.149819454191637,1.2186865843807877,1.2186865843807877,1.2186865843807877,2.960873746168707,2.960873746168707,2.960873746168707,5.121871958608375,Fail ,
4.471921883028943,3.3956645954933102,4.412460643063396,7.149819454191637,1.2186865843807877,1.2186865843807877,1.2186865843807877,2.960873746168707,2.960873746168707,2.960873746168707,5.768982482769137,Safe ,
4.471921883028943,3.3956645954933102,4.412460643063396,7.149819454191637,1.2186865843807877,1.2186865843807877,1.2186865843807877,2.960873746168707,2.960873746168707,2.960873746168707,5.163489686173603,Safe ,
4.471921883028943,3.3956645954933102,4.412460643063396,7.149819454191637,1.2186865843807877,1.2186865843807877,1.2186865843807877,2.960873746168707,2.960873746168707,2.960873746168707,5.694927486186838,Safe ,
4.471921883028943,3.3956645954933102,4.412460643063396,7.149819454191637,1.2186865843807877,1.2186865843807877,1.2186865843807877,2.960873746168707,2.960873746168707,2.960873746168707,5.228132029752364,Safe ,
4.471921883028943,3.3956645954933102,4.412460643063396,7.149819454191637,1.2186865843807877,1.2186865843807877,1.2186865843807877,2.960873746168707,2.960873746168707,2.960873746168707,5.886627842775764,Safe ,
4.471921883028943,3.3956645954933102,4.412460643063396,7.149819454191637,1.2186865843807877,1.2186865843807877,1.2186865843807877,2.960873746168707,2.960873746168707,2.960873746168707,4.725461900549625,Fail ,
4.471921883028943,3.3956645954933102,4.412460643063396,7.149819454191637,1.2186865843807877,1.2186865843807877,1.2186865843807877,2.960873746168707,2.960873746168707,2.960873746168707,5.767422309550582,Safe ,
4.471921883028943,3.3956645954933102,4.412460643063396,7.149819454191637,1.2186865843807877,1.2186865843807877,1.2186865843807877,2.960873746168707,2.960873746168707,2.960873746168707,5.396918563070391,Safe ,
4.471921883028943,3.3956645954933102,4.412460643063396,7.149819454191637,1.2186865843807877,1.2186865843807877,1.2186865843807877,2.960873746168707,2.960873746168707,2.960873746168707,6.363530484696282,Safe ,
4.471921883028943,3.3956645954933102,4.412460643063396,7.149819454191637,1.2186865843807877,1.2186865843807877,1.2186865843807877,2.960873746168707,2.960873746168707,2.960873746168707,5.0503891603202495,Fail ,
4.471921883028943,3.3956645954933102,4.412460643063396,7.149819454191637,1.2186865843807877,1.2186865843807877,1.2186865843807877,2.960873746168707,2.960873746168707,2.960873746168707,5.527281037009017,Safe ,
4.471921883028943,3.3956645954933102,4.412460643063396,7.149819454191637,1.2186865843807877,1.2186865843807877,1.2186865843807877,2.960873746168707,2.960873746168707,2.960873746168707,5.189669493484462,Safe ,
4.471921883028943,3.3956645954933102,4.412460643063396,7.149819454191637,1.2186865843807877,1.2186865843807877,1.2186865843807877,2.960873746168707,2.960873746168707,2.960873746168707,5.1622431517448435,Safe ,
4.471921883028943,3.3956645954933102,4.412460643063396,7.149819454191637,1.2186865843807877,1.2186865843807877,1.2186865843807877,2.960873746168707,2.960873746168707,2.960873746168707,5.832887541336468,Safe ,
4.471921883028943,3.3956645954933102,4.412460643063396,7.149819454191637,1.2186865843807877,1.2186865843807877,1.2186865843807877,2.960873746168707,2.960873746168707,2.960873746168707,5.2716789628541925,Safe ,
4.471921883028943,3.3956645954933102,4.412460643063396,7.149819454191637,1.2186865843807877,1.2186865843807877,1.2186865843807877,2.960873746168707,2.960873746168707,2.960873746168707,6.599463036553132,Safe ,
4.471921883028943,3.3956645954933102,4.412460643063396,7.149819454191637,1.2186865843807877,1.2186865843807877,1.2186865843807877,2.960873746168707,2.960873746168707,2.960873746168707,5.8368404663083755,Safe ,
4.471921883028943,3.3956645954933102,4.412460643063396,7.149819454191637,1.2186865843807877,1.2186865843807877,1.2186865843807877,2.960873746168707,2.960873746168707,2.960873746168707,5.222301105467497,Safe ,
4.471921883028943,3.3956645954933102,4.412460643063396,7.149819454191637,1.2186865843807877,1.2186865843807877,1.2186865843807877,2.960873746168707,2.960873746168707,2.960873746168707,5.9261844284085665,Safe ,
4.471921883028943,3.3956645954933102,4.412460643063396,7.149819454191637,1.2186865843807877,1.2186865843807877,1.2186865843807877,2.960873746168707,2.960873746168707,2.960873746168707,4.928034484583808,Fail ,
4.471921883028943,3.3956645954933102,4.412460643063396,7.149819454191637,1.2186865843807877,1.2186865843807877,1.2186865843807877,2.960873746168707,2.960873746168707,2.960873746168707,6.003280378733453,Safe ,
4.471921883028943,3.3956645954933102,4.412460643063396,7.149819454191637,1.2186865843807877,1.2186865843807877,1.2186865843807877,2.960873746168707,2.960873746168707,2.960873746168707,5.603556262604023,Safe ,
4.471921883028943,3.3956645954933102,4.412460643063396,7.149819454191637,1.2186865843807877,1.2186865843807877,1.2186865843807877,2.960873746168707,2.960873746168707,2.960873746168707,6.158101677246463,Safe ,
4.471921883028943,3.3956645954933102,4.412460643063396,7.149819454191637,1.2186865843807877,1.2186865843807877,1.2186865843807877,2.960873746168707,2.960873746168707,2.960873746168707,6.657833847811792,Safe ,
4.471921883028943,3.3956645954933102,4.412460643063396,7.149819454191637,1.2186865843807877,1.2186865843807877,1.2186865843807877,2.960873746168707,2.960873746168707,2.960873746168707,5.893838590807717,Safe ,
4.471921883028943,3.3956645954933102,4.412460643063396,7.149819454191637,1.2186865843807877,1.2186865843807877,1.2186865843807877,2.960873746168707,2.960873746168707,2.960873746168707,5.102180633279888,Fail ,
4.471921883028943,3.3956645954933102,4.412460643063396,7.149819454191637,1.2186865843807877,1.2186865843807877,1.2186865843807877,2.960873746168707,2.960873746168707,2.960873746168707,5.802471051063714,Safe ,
4.471921883028943,3.3956645954933102,4.412460643063396,7.149819454191637,1.2186865843807877,1.2186865843807877,1.2186865843807877,2.960873746168707,2.960873746168707,2.960873746168707,5.374160866383048,Safe ,
4.471921883028943,3.3956645954933102,4.412460643063396,7.149819454191637,1.2186865843807877,1.2186865843807877,1.2186865843807877,2.960873746168707,2.960873746168707,2.960873746168707,5.492935477001635,Safe ,
4.471921883028943,3.3956645954933102,4.412460643063396,7.149819454191637,1.2186865843807877,1.2186865843807877,1.2186865843807877,2.960873746168707,2.960873746168707,2.960873746168707,6.749262924005272,Safe ,
4.471921883028943,3.3956645954933102,4.412460643063396,7.149819454191637,1.2186865843807877,1.2186865843807877,1.2186865843807877,2.960873746168707,2.960873746168707,2.960873746168707,6.141208664188835,Safe ,
4.471921883028943,3.3956645954933102,4.412460643063396,7.149819454191637,1.2186865843807877,1.2186865843807877,1.2186865843807877,2.960873746168707,2.960873746168707,2.960873746168707,5.714976233062212,Safe ,
4.471921883028943,3.3956645954933102,4.412460643063396,7.149819454191637,1.2186865843807877,1.2186865843807877,1.2186865843807877,2.960873746168707,2.960873746168707,2.960873746168707,5.376552521202121,Safe ,
4.471921883028943,3.3956645954933102,4.412460643063396,7.149819454191637,1.2186865843807877,1.2186865843807877,1.2186865843807877,2.960873746168707,2.960873746168707,2.960873746168707,5.609997299189223,Safe ,
4.471921883028943,3.3956645954933102,4.412460643063396,7.149819454191637,1.2186865843807877,1.2186865843807877,1.2186865843807877,2.960873746168707,2.960873746168707,2.960873746168707,5.8415549749530316,Safe ,
4.471921883028943,3.3956645954933102,4.412460643063396,7.149819454191637,1.2186865843807877,1.2186865843807877,1.2186865843807877,2.960873746168707,2.960873746168707,2.960873746168707,6.4125727348787995,Safe ,
4.471921883028943,3.3956645954933102,4.412460643063396,7.149819454191637,1.2186865843807877,1.2186865843807877,1.2186865843807877,2.960873746168707,2.960873746168707,2.960873746168707,5.59463539891076,Safe ,
4.471921883028943,3.3956645954933102,4.412460643063396,7.149819454191637,1.2186865843807877,1.2186865843807877,1.2186865843807877,2.960873746168707,2.960873746168707,2.960873746168707,5.616975875692939,Safe ,
4.471921883028943,3.3956645954933102,4.412460643063396,7.149819454191637,1.2186865843807877,1.2186865843807877,1.2186865843807877,2.960873746168707,2.960873746168707,2.960873746168707,6.151774526957269,Safe ,
4.471921883028943,3.3956645954933102,4.412460643063396,7.149819454191637,1.2186865843807877,1.2186865843807877,1.2186865843807877,2.960873746168707,2.960873746168707,2.960873746168707,6.492594087935149,Safe ,
4.471921883028943,3.3956645954933102,4.412460643063396,7.149819454191637,1.2186865843807877,1.2186865843807877,1.2186865843807877,2.960873746168707,2.960873746168707,2.960873746168707,5.377905807234568,Safe ,
4.471921883028943,3.3956645954933102,4.412460643063396,7.149819454191637,1.2186865843807877,1.2186865843807877,1.2186865843807877,2.960873746168707,2.960873746168707,2.960873746168707,5.519833711202445,Safe ,
4.471921883028943,3.3956645954933102,4.412460643063396,7.149819454191637,1.2186865843807877,1.2186865843807877,1.2186865843807877,2.960873746168707,2.960873746168707,2.960873746168707,6.081418462905743,Safe ,
4.471921883028943,3.3956645954933102,4.412460643063396,7.149819454191637,1.2186865843807877,1.2186865843807877,1.2186865843807877,2.960873746168707,2.960873746168707,2.960873746168707,5.491028685373885,Safe ,
4.471921883028943,3.3956645954933102,4.412460643063396,7.149819454191637,1.2186865843807877,1.2186865843807877,1.2186865843807877,2.960873746168707,2.960873746168707,2.960873746168707,5.405267821731982,Safe ,
4.471921883028943,3.3956645954933102,4.412460643063396,7.149819454191637,1.2186865843807877,1.2186865843807877,1.2186865843807877,2.960873746168707,2.960873746168707,2.960873746168707,6.469150733060723,Safe ,
4.471921883028943,3.3956645954933102,4.412460643063396,7.149819454191637,1.2186865843807877,1.2186865843807877,1.2186865843807877,2.960873746168707,2.960873746168707,2.960873746168707,6.400172633941243,Safe ,
4.471921883028943,3.3956645954933102,4.412460643063396,7.149819454191637,1.2186865843807877,1.2186865843807877,1.2186865843807877,2.960873746168707,2.960873746168707,2.960873746168707,5.5816288362117215,Safe ,
4.471921883028943,3.3956645954933102,4.412460643063396,7.149819454191637,1.2186865843807877,1.2186865843807877,1.2186865843807877,2.960873746168707,2.960873746168707,2.960873746168707,5.404923113044688,Safe ,
4.471921883028943,3.3956645954933102,4.412460643063396,7.149819454191637,1.2186865843807877,1.2186865843807877,1.2186865843807877,2.960873746168707,2.960873746168707,2.960873746168707,5.929555365869437,Safe ,
4.471921883028943,3.3956645954933102,4.412460643063396,7.149819454191637,1.2186865843807877,1.2186865843807877,1.2186865843807877,2.960873746168707,2.960873746168707,2.960873746168707,5.738860833717092,Safe ,
4.471921883028943,3.3956645954933102,4.412460643063396,7.149819454191637,1.2186865843807877,1.2186865843807877,1.2186865843807877,2.960873746168707,2.960873746168707,2.960873746168707,5.3532034445389,Safe ,
4.471921883028943,3.3956645954933102,4.412460643063396,7.149819454191637,1.2186865843807877,1.2186865843807877,1.2186865843807877,2.960873746168707,2.960873746168707,2.960873746168707,5.485659384245264,Safe ,
4.471921883028943,3.3956645954933102,4.412460643063396,7.149819454191637,1.2186865843807877,1.2186865843807877,1.2186865843807877,2.960873746168707,2.960873746168707,2.960873746168707,6.174673217168224,Safe ,
4.471921883028943,3.3956645954933102,4.412460643063396,7.149819454191637,1.2186865843807877,1.2186865843807877,1.2186865843807877,2.960873746168707,2.960873746168707,2.960873746168707,5.700426779535823,Safe ,
4.471921883028943,3.3956645954933102,4.412460643063396,7.149819454191637,1.2186865843807877,1.2186865843807877,1.2186865843807877,2.960873746168707,2.960873746168707,2.960873746168707,5.2799485702146844,Safe ,
4.471921883028943,3.3956645954933102,4.412460643063396,7.149819454191637,1.2186865843807877,1.2186865843807877,1.2186865843807877,2.960873746168707,2.960873746168707,2.960873746168707,5.371575108509264,Safe ,
4.471921883028943,3.3956645954933102,4.412460643063396,7.149819454191637,1.2186865843807877,1.2186865843807877,1.2186865843807877,2.960873746168707,2.960873746168707,2.960873746168707,5.452414671017154,Safe ,
4.471921883028943,3.3956645954933102,4.412460643063396,7.149819454191637,1.2186865843807877,1.2186865843807877,1.2186865843807877,2.960873746168707,2.960873746168707,2.960873746168707,4.7411272958265505,Fail ,
4.471921883028943,3.3956645954933102,4.412460643063396,7.149819454191637,1.2186865843807877,1.2186865843807877,1.2186865843807877,2.960873746168707,2.960873746168707,2.960873746168707,5.026807685882151,Fail ,
4.471921883028943,3.3956645954933102,4.412460643063396,7.149819454191637,1.2186865843807877,1.2186865843807877,1.2186865843807877,2.960873746168707,2.960873746168707,2.960873746168707,5.658358150199138,Safe ,
4.471921883028943,3.3956645954933102,4.412460643063396,7.149819454191637,1.2186865843807877,1.2186865843807877,1.2186865843807877,2.960873746168707,2.960873746168707,2.960873746168707,5.786070833458423,Safe ,
4.471921883028943,3.3956645954933102,4.412460643063396,7.149819454191637,1.2186865843807877,1.2186865843807877,1.2186865843807877,2.960873746168707,2.960873746168707,2.960873746168707,5.802859201316931,Safe ,
4.471921883028943,3.3956645954933102,4.412460643063396,7.149819454191637,1.2186865843807877,1.2186865843807877,1.2186865843807877,2.960873746168707,2.960873746168707,2.960873746168707,5.786341553680657,Safe ,
4.471921883028943,3.3956645954933102,4.412460643063396,7.149819454191637,1.2186865843807877,1.2186865843807877,1.2186865843807877,2.960873746168707,2.960873746168707,2.960873746168707,4.346074357820684,Fail ,
4.471921883028943,3.3956645954933102,4.412460643063396,7.149819454191637,1.2186865843807877,1.2186865843807877,1.2186865843807877,2.960873746168707,2.960873746168707,2.960873746168707,5.767147497304602,Safe ,
4.471921883028943,3.3956645954933102,4.412460643063396,7.149819454191637,1.2186865843807877,1.2186865843807877,1.2186865843807877,2.960873746168707,2.960873746168707,2.960873746168707,5.717435980478784,Safe ,
4.471921883028943,3.3956645954933102,4.412460643063396,7.149819454191637,1.2186865843807877,1.2186865843807877,1.2186865843807877,2.960873746168707,2.960873746168707,2.960873746168707,6.360909550728544,Safe ,
4.471921883028943,3.3956645954933102,4.412460643063396,7.149819454191637,1.2186865843807877,1.2186865843807877,1.2186865843807877,2.960873746168707,2.960873746168707,2.960873746168707,5.229728029325638,Safe ,
4.471921883028943,3.3956645954933102,4.412460643063396,7.149819454191637,1.2186865843807877,1.2186865843807877,1.2186865843807877,2.960873746168707,2.960873746168707,2.960873746168707,5.129192747497798,Fail ,
4.471921883028943,3.3956645954933102,4.412460643063396,7.149819454191637,1.2186865843807877,1.2186865843807877,1.2186865843807877,2.960873746168707,2.960873746168707,2.960873746168707,5.392445656516146,Safe ,
4.471921883028943,3.3956645954933102,4.412460643063396,7.149819454191637,1.2186865843807877,1.2186865843807877,1.2186865843807877,2.960873746168707,2.960873746168707,2.960873746168707,5.368097343293904,Safe ,
4.471921883028943,3.3956645954933102,4.412460643063396,7.149819454191637,1.2186865843807877,1.2186865843807877,1.2186865843807877,2.960873746168707,2.960873746168707,2.960873746168707,5.950424541235387,Safe ,
4.471921883028943,3.3956645954933102,4.412460643063396,7.149819454191637,1.2186865843807877,1.2186865843807877,1.2186865843807877,2.960873746168707,2.960873746168707,2.960873746168707,6.0275444081749905,Safe ,
4.471921883028943,3.3956645954933102,4.412460643063396,7.149819454191637,1.2186865843807877,1.2186865843807877,1.2186865843807877,2.960873746168707,2.960873746168707,2.960873746168707,5.452577031984422,Safe ,
4.471921883028943,3.3956645954933102,4.412460643063396,7.149819454191637,1.2186865843807877,1.2186865843807877,1.2186865843807877,2.960873746168707,2.960873746168707,2.960873746168707,5.777425836398197,Safe ,
4.471921883028943,3.3956645954933102,4.412460643063396,7.149819454191637,1.2186865843807877,1.2186865843807877,1.2186865843807877,2.960873746168707,2.960873746168707,2.960873746168707,5.608102042233841,Safe ,
4.471921883028943,3.3956645954933102,4.412460643063396,7.149819454191637,1.2186865843807877,1.2186865843807877,1.2186865843807877,2.960873746168707,2.960873746168707,2.960873746168707,5.628214443698955,Safe ,
4.471921883028943,3.3956645954933102,4.412460643063396,7.149819454191637,1.2186865843807877,1.2186865843807877,1.2186865843807877,2.960873746168707,2.960873746168707,2.960873746168707,6.056679069655882,Safe ,
4.471921883028943,3.3956645954933102,4.412460643063396,7.149819454191637,1.2186865843807877,1.2186865843807877,1.2186865843807877,2.960873746168707,2.960873746168707,2.960873746168707,5.27634597851603,Safe ,
4.471921883028943,3.3956645954933102,4.412460643063396,7.149819454191637,1.2186865843807877,1.2186865843807877,1.2186865843807877,2.960873746168707,2.960873746168707,2.960873746168707,6.176009996716783,Safe ,
4.471921883028943,3.3956645954933102,4.412460643063396,7.149819454191637,1.2186865843807877,1.2186865843807877,1.2186865843807877,2.960873746168707,2.960873746168707,2.960873746168707,5.223197750827408,Safe ,
4.471921883028943,3.3956645954933102,4.412460643063396,7.149819454191637,1.2186865843807877,1.2186865843807877,1.2186865843807877,2.960873746168707,2.960873746168707,2.960873746168707,5.560207345308196,Safe ,
4.471921883028943,3.3956645954933102,4.412460643063396,7.149819454191637,1.2186865843807877,1.2186865843807877,1.2186865843807877,2.960873746168707,2.960873746168707,2.960873746168707,5.778566069323011,Safe ,
4.471921883028943,3.3956645954933102,4.412460643063396,7.149819454191637,1.2186865843807877,1.2186865843807877,1.2186865843807877,2.960873746168707,2.960873746168707,2.960873746168707,4.682884120551301,Fail ,
4.471921883028943,3.3956645954933102,4.412460643063396,7.149819454191637,1.2186865843807877,1.2186865843807877,1.2186865843807877,2.960873746168707,2.960873746168707,2.960873746168707,5.70268826775941,Safe ,
4.471921883028943,3.3956645954933102,4.412460643063396,7.149819454191637,1.2186865843807877,1.2186865843807877,1.2186865843807877,2.960873746168707,2.960873746168707,2.960873746168707,6.17811711192647,Safe ,
4.471921883028943,3.3956645954933102,4.412460643063396,7.149819454191637,1.2186865843807877,1.2186865843807877,1.2186865843807877,2.960873746168707,2.960873746168707,2.960873746168707,6.086967439336442,Safe ,
4.471921883028943,3.3956645954933102,4.412460643063396,7.149819454191637,1.2186865843807877,1.2186865843807877,1.2186865843807877,2.960873746168707,2.960873746168707,2.960873746168707,5.6964388876890455,Safe ,
4.471921883028943,3.3956645954933102,4.412460643063396,7.149819454191637,1.2186865843807877,1.2186865843807877,1.2186865843807877,2.960873746168707,2.960873746168707,2.960873746168707,6.282307359221071,Safe ,
4.471921883028943,3.3956645954933102,4.412460643063396,7.149819454191637,1.2186865843807877,1.2186865843807877,1.2186865843807877,2.960873746168707,2.960873746168707,2.960873746168707,5.529112833236907,Safe ,
4.471921883028943,3.3956645954933102,4.412460643063396,7.149819454191637,1.2186865843807877,1.2186865843807877,1.2186865843807877,2.960873746168707,2.960873746168707,2.960873746168707,4.901957294292733,Fail ,
4.471921883028943,3.3956645954933102,4.412460643063396,7.149819454191637,1.2186865843807877,1.2186865843807877,1.2186865843807877,2.960873746168707,2.960873746168707,2.960873746168707,4.954551472893657,Fail ,
4.471921883028943,3.3956645954933102,4.412460643063396,7.149819454191637,1.2186865843807877,1.2186865843807877,1.2186865843807877,2.960873746168707,2.960873746168707,2.960873746168707,5.106653602154493,Fail ,
4.471921883028943,3.3956645954933102,4.412460643063396,7.149819454191637,1.2186865843807877,1.2186865843807877,1.2186865843807877,2.960873746168707,2.960873746168707,2.960873746168707,5.757132345669793,Safe ,
4.471921883028943,3.3956645954933102,4.412460643063396,7.149819454191637,1.2186865843807877,1.2186865843807877,1.2186865843807877,2.960873746168707,2.960873746168707,2.960873746168707,5.780840823863455,Safe ,
4.471921883028943,3.3956645954933102,4.412460643063396,7.149819454191637,1.2186865843807877,1.2186865843807877,1.2186865843807877,2.960873746168707,2.960873746168707,2.960873746168707,5.7899683549959855,Safe ,
4.471921883028943,3.3956645954933102,4.412460643063396,7.149819454191637,1.2186865843807877,1.2186865843807877,1.2186865843807877,2.960873746168707,2.960873746168707,2.960873746168707,5.747560812636853,Safe ,
4.471921883028943,3.3956645954933102,4.412460643063396,7.149819454191637,1.2186865843807877,1.2186865843807877,1.2186865843807877,2.960873746168707,2.960873746168707,2.960873746168707,5.921499371006686,Safe ,
4.471921883028943,3.3956645954933102,4.412460643063396,7.149819454191637,1.2186865843807877,1.2186865843807877,1.2186865843807877,2.960873746168707,2.960873746168707,2.960873746168707,5.377530074069036,Safe ,
4.471921883028943,3.3956645954933102,4.412460643063396,7.149819454191637,1.2186865843807877,1.2186865843807877,1.2186865843807877,2.960873746168707,2.960873746168707,2.960873746168707,4.846836325422712,Fail ,
4.471921883028943,3.3956645954933102,4.412460643063396,7.149819454191637,1.2186865843807877,1.2186865843807877,1.2186865843807877,2.960873746168707,2.960873746168707,2.960873746168707,5.527205804774912,Safe ,
4.471921883028943,3.3956645954933102,4.412460643063396,7.149819454191637,1.2186865843807877,1.2186865843807877,1.2186865843807877,2.960873746168707,2.960873746168707,2.960873746168707,5.986339913711316,Safe ,
4.471921883028943,3.3956645954933102,4.412460643063396,7.149819454191637,1.2186865843807877,1.2186865843807877,1.2186865843807877,2.960873746168707,2.960873746168707,2.960873746168707,5.647292352704194,Safe ,
4.471921883028943,3.3956645954933102,4.412460643063396,7.149819454191637,1.2186865843807877,1.2186865843807877,1.2186865843807877,2.960873746168707,2.960873746168707,2.960873746168707,6.277199568872494,Safe ,
4.471921883028943,3.3956645954933102,4.412460643063396,7.149819454191637,1.2186865843807877,1.2186865843807877,1.2186865843807877,2.960873746168707,2.960873746168707,2.960873746168707,5.942572656941974,Safe ,
4.471921883028943,3.3956645954933102,4.412460643063396,7.149819454191637,1.2186865843807877,1.2186865843807877,1.2186865843807877,2.960873746168707,2.960873746168707,2.960873746168707,4.767111700423976,Fail ,
4.471921883028943,3.3956645954933102,4.412460643063396,7.149819454191637,1.2186865843807877,1.2186865843807877,1.2186865843807877,2.960873746168707,2.960873746168707,2.960873746168707,5.453119510547831,Safe ,
4.471921883028943,3.3956645954933102,4.412460643063396,7.149819454191637,1.2186865843807877,1.2186865843807877,1.2186865843807877,2.960873746168707,2.960873746168707,2.960873746168707,5.191399761721523,Safe ,
4.471921883028943,3.3956645954933102,4.412460643063396,7.149819454191637,1.2186865843807877,1.2186865843807877,1.2186865843807877,2.960873746168707,2.960873746168707,2.960873746168707,5.926715578332343,Safe ,
4.471921883028943,3.3956645954933102,4.412460643063396,7.149819454191637,1.2186865843807877,1.2186865843807877,1.2186865843807877,2.960873746168707,2.960873746168707,2.960873746168707,5.3999363098012925,Safe ,
4.471921883028943,3.3956645954933102,4.412460643063396,7.149819454191637,1.2186865843807877,1.2186865843807877,1.2186865843807877,2.960873746168707,2.960873746168707,2.960873746168707,5.959131710778973,Safe ,
4.471921883028943,3.3956645954933102,4.412460643063396,7.149819454191637,1.2186865843807877,1.2186865843807877,1.2186865843807877,2.960873746168707,2.960873746168707,2.960873746168707,5.480823249605622,Safe ,
4.471921883028943,3.3956645954933102,4.412460643063396,7.149819454191637,1.2186865843807877,1.2186865843807877,1.2186865843807877,2.960873746168707,2.960873746168707,2.960873746168707,5.970319425956161,Safe ,
4.471921883028943,3.3956645954933102,4.412460643063396,7.149819454191637,1.2186865843807877,1.2186865843807877,1.2186865843807877,2.960873746168707,2.960873746168707,2.960873746168707,6.045331502731362,Safe ,
4.471921883028943,3.3956645954933102,4.412460643063396,7.149819454191637,1.2186865843807877,1.2186865843807877,1.2186865843807877,2.960873746168707,2.960873746168707,2.960873746168707,5.691842527636329,Safe ,
4.471921883028943,3.3956645954933102,4.412460643063396,7.149819454191637,1.2186865843807877,1.2186865843807877,1.2186865843807877,2.960873746168707,2.960873746168707,2.960873746168707,5.394092654182382,Safe ,
4.471921883028943,3.3956645954933102,4.412460643063396,7.149819454191637,1.2186865843807877,1.2186865843807877,1.2186865843807877,2.960873746168707,2.960873746168707,2.960873746168707,5.7029401430854305,Safe ,
4.471921883028943,3.3956645954933102,4.412460643063396,7.149819454191637,1.2186865843807877,1.2186865843807877,1.2186865843807877,2.960873746168707,2.960873746168707,2.960873746168707,5.58441548967064,Safe ,
4.471921883028943,3.3956645954933102,4.412460643063396,7.149819454191637,1.2186865843807877,1.2186865843807877,1.2186865843807877,2.960873746168707,2.960873746168707,2.960873746168707,5.142305162445504,Safe ,
4.471921883028943,3.3956645954933102,4.412460643063396,7.149819454191637,1.2186865843807877,1.2186865843807877,1.2186865843807877,2.960873746168707,2.960873746168707,2.960873746168707,5.779659801711765,Safe ,
4.471921883028943,3.3956645954933102,4.412460643063396,7.149819454191637,1.2186865843807877,1.2186865843807877,1.2186865843807877,2.960873746168707,2.960873746168707,2.960873746168707,5.857126099617719,Safe ,
4.471921883028943,3.3956645954933102,4.412460643063396,7.149819454191637,1.2186865843807877,1.2186865843807877,1.2186865843807877,2.960873746168707,2.960873746168707,2.960873746168707,5.303379750978872,Safe ,
4.471921883028943,3.3956645954933102,4.412460643063396,7.149819454191637,1.2186865843807877,1.2186865843807877,1.2186865843807877,2.960873746168707,2.960873746168707,2.960873746168707,5.166948689785606,Safe ,
4.471921883028943,3.3956645954933102,4.412460643063396,7.149819454191637,1.2186865843807877,1.2186865843807877,1.2186865843807877,2.960873746168707,2.960873746168707,2.960873746168707,5.060575274051352,Fail ,
4.471921883028943,3.3956645954933102,4.412460643063396,7.149819454191637,1.2186865843807877,1.2186865843807877,1.2186865843807877,2.960873746168707,2.960873746168707,2.960873746168707,5.581337996914357,Safe ,
4.471921883028943,3.3956645954933102,4.412460643063396,7.149819454191637,1.2186865843807877,1.2186865843807877,1.2186865843807877,2.960873746168707,2.960873746168707,2.960873746168707,6.023862893666916,Safe ,
4.471921883028943,3.3956645954933102,4.412460643063396,7.149819454191637,1.2186865843807877,1.2186865843807877,1.2186865843807877,2.960873746168707,2.960873746168707,2.960873746168707,5.909498904013568,Safe ,
4.471921883028943,3.3956645954933102,4.412460643063396,7.149819454191637,1.2186865843807877,1.2186865843807877,1.2186865843807877,2.960873746168707,2.960873746168707,2.960873746168707,6.330331266977501,Safe ,
4.471921883028943,3.3956645954933102,4.412460643063396,7.149819454191637,1.2186865843807877,1.2186865843807877,1.2186865843807877,2.960873746168707,2.960873746168707,2.960873746168707,5.4250214880442424,Safe ,
4.471921883028943,3.3956645954933102,4.412460643063396,7.149819454191637,1.2186865843807877,1.2186865843807877,1.2186865843807877,2.960873746168707,2.960873746168707,2.960873746168707,6.107318690775671,Safe ,
4.471921883028943,3.3956645954933102,4.412460643063396,7.149819454191637,1.2186865843807877,1.2186865843807877,1.2186865843807877,2.960873746168707,2.960873746168707,2.960873746168707,6.09499770702765,Safe ,
4.471921883028943,3.3956645954933102,4.412460643063396,7.149819454191637,1.2186865843807877,1.2186865843807877,1.2186865843807877,2.960873746168707,2.960873746168707,2.960873746168707,5.216534566487249,Safe ,
4.471921883028943,3.3956645954933102,4.412460643063396,7.149819454191637,1.2186865843807877,1.2186865843807877,1.2186865843807877,2.960873746168707,2.960873746168707,2.960873746168707,5.470276919877547,Safe ,
4.471921883028943,3.3956645954933102,4.412460643063396,7.149819454191637,1.2186865843807877,1.2186865843807877,1.2186865843807877,2.960873746168707,2.960873746168707,2.960873746168707,6.355437634193225,Safe ,
4.471921883028943,3.3956645954933102,4.412460643063396,7.149819454191637,1.2186865843807877,1.2186865843807877,1.2186865843807877,2.960873746168707,2.960873746168707,2.960873746168707,5.022678462300338,Fail ,
4.471921883028943,3.3956645954933102,4.412460643063396,7.149819454191637,1.2186865843807877,1.2186865843807877,1.2186865843807877,2.960873746168707,2.960873746168707,2.960873746168707,5.24533232701403,Safe ,
4.471921883028943,3.3956645954933102,4.412460643063396,7.149819454191637,1.2186865843807877,1.2186865843807877,1.2186865843807877,2.960873746168707,2.960873746168707,2.960873746168707,5.551850319063633,Safe ,
4.471921883028943,3.3956645954933102,4.412460643063396,7.149819454191637,1.2186865843807877,1.2186865843807877,1.2186865843807877,2.960873746168707,2.960873746168707,2.960873746168707,5.319440288315122,Safe ,
4.471921883028943,3.3956645954933102,4.412460643063396,7.149819454191637,1.2186865843807877,1.2186865843807877,1.2186865843807877,2.960873746168707,2.960873746168707,2.960873746168707,6.5737834843034415,Safe ,
4.471921883028943,3.3956645954933102,4.412460643063396,7.149819454191637,1.2186865843807877,1.2186865843807877,1.2186865843807877,2.960873746168707,2.960873746168707,2.960873746168707,5.224381645003171,Safe ,
4.471921883028943,3.3956645954933102,4.412460643063396,7.149819454191637,1.2186865843807877,1.2186865843807877,1.2186865843807877,2.960873746168707,2.960873746168707,2.960873746168707,5.516490114167094,Safe ,
4.471921883028943,3.3956645954933102,4.412460643063396,7.149819454191637,1.2186865843807877,1.2186865843807877,1.2186865843807877,2.960873746168707,2.960873746168707,2.960873746168707,5.162516654740407,Safe ,
4.471921883028943,3.3956645954933102,4.412460643063396,7.149819454191637,1.2186865843807877,1.2186865843807877,1.2186865843807877,2.960873746168707,2.960873746168707,2.960873746168707,5.933952451506538,Safe ,
4.471921883028943,3.3956645954933102,4.412460643063396,7.149819454191637,1.2186865843807877,1.2186865843807877,1.2186865843807877,2.960873746168707,2.960873746168707,2.960873746168707,5.93859874010627,Safe ,
4.471921883028943,3.3956645954933102,4.412460643063396,7.149819454191637,1.2186865843807877,1.2186865843807877,1.2186865843807877,2.960873746168707,2.960873746168707,2.960873746168707,5.0972091411123,Fail ,
4.471921883028943,3.3956645954933102,4.412460643063396,7.149819454191637,1.2186865843807877,1.2186865843807877,1.2186865843807877,2.960873746168707,2.960873746168707,2.960873746168707,5.792605446999059,Safe ,
4.471921883028943,3.3956645954933102,4.412460643063396,7.149819454191637,1.2186865843807877,1.2186865843807877,1.2186865843807877,2.960873746168707,2.960873746168707,2.960873746168707,5.711580322074356,Safe ,
4.471921883028943,3.3956645954933102,4.412460643063396,7.149819454191637,1.2186865843807877,1.2186865843807877,1.2186865843807877,2.960873746168707,2.960873746168707,2.960873746168707,6.571084141233941,Safe ,
4.471921883028943,3.3956645954933102,4.412460643063396,7.149819454191637,1.2186865843807877,1.2186865843807877,1.2186865843807877,2.960873746168707,2.960873746168707,2.960873746168707,6.082308613962769,Safe ,
4.471921883028943,3.3956645954933102,4.412460643063396,7.149819454191637,1.2186865843807877,1.2186865843807877,1.2186865843807877,2.960873746168707,2.960873746168707,2.960873746168707,5.616814740792595,Safe ,
4.471921883028943,3.3956645954933102,4.412460643063396,7.149819454191637,1.2186865843807877,1.2186865843807877,1.2186865843807877,2.960873746168707,2.960873746168707,2.960873746168707,5.415498389144371,Safe ,
4.471921883028943,3.3956645954933102,4.412460643063396,7.149819454191637,1.2186865843807877,1.2186865843807877,1.2186865843807877,2.960873746168707,2.960873746168707,2.960873746168707,5.7047308036735505,Safe ,
4.471921883028943,3.3956645954933102,4.412460643063396,7.149819454191637,1.2186865843807877,1.2186865843807877,1.2186865843807877,2.960873746168707,2.960873746168707,2.960873746168707,6.05798734019546,Safe ,
4.471921883028943,3.3956645954933102,4.412460643063396,7.149819454191637,1.2186865843807877,1.2186865843807877,1.2186865843807877,2.960873746168707,2.960873746168707,2.960873746168707,5.827375932779641,Safe ,
